epoch,iteration,D_A,G_A,cycle_A,idt_A,D_B,G_B,cycle_B,idt_B
35,100,0.122,0.187,0.473,0.449,0.168,0.419,1.037,0.139
35,200,0.07,0.582,0.852,0.352,0.122,0.383,0.966,0.167
35,300,0.048,0.608,0.463,0.368,0.066,0.527,0.802,0.165
35,400,0.263,1.66,1.325,0.305,0.169,0.084,0.906,0.122
35,500,0.327,0.098,0.639,0.442,0.066,1.035,1.239,0.199
35,600,0.163,0.555,0.877,0.339,0.041,0.434,0.941,0.32
35,700,0.177,0.47,0.584,0.424,0.139,0.286,1.033,0.137
35,800,0.105,0.843,0.813,0.326,0.106,0.539,1.086,0.231
35,900,0.133,0.626,0.394,0.194,0.108,0.319,0.862,0.247
35,1000,0.209,0.217,0.772,0.261,0.222,0.903,0.717,0.218
35,1100,0.159,0.342,0.465,0.32,0.082,0.981,0.926,0.142
36,80,0.077,0.629,0.404,0.297,0.119,0.446,0.824,0.183
36,180,0.109,0.71,0.697,0.189,0.249,0.344,0.59,0.174
36,280,0.056,0.583,0.582,0.177,0.26,0.166,0.559,0.146
36,380,0.063,0.654,0.468,0.317,0.202,0.508,0.851,0.137
36,480,0.032,0.239,0.669,0.349,0.045,0.83,0.929,0.321
36,580,0.236,0.765,0.922,1.077,0.067,0.986,2.015,0.234
36,680,0.038,1.146,0.607,0.507,0.038,0.926,1.201,0.212
36,780,0.104,0.868,0.697,0.322,0.11,0.374,0.968,0.141
36,880,0.062,1.443,0.422,0.551,0.146,0.92,1.111,0.116
36,980,0.021,0.907,0.404,0.393,0.132,0.75,0.918,0.105
36,1080,0.053,0.489,0.468,0.218,0.151,0.43,0.727,0.154
37,60,0.093,0.474,0.408,0.234,0.049,1.057,0.831,0.17
37,160,0.114,0.431,0.456,0.327,0.168,0.382,0.974,0.102
37,260,0.103,0.495,0.645,0.454,0.209,0.425,0.994,0.165
37,360,0.122,0.431,0.44,0.238,0.045,0.195,0.776,0.159
37,460,0.213,0.241,0.603,0.318,0.121,0.173,0.666,0.119
37,560,0.318,1.083,0.564,0.26,0.153,0.583,0.707,0.198
37,660,0.218,0.243,0.605,0.271,0.409,0.673,0.791,0.204
37,760,0.222,0.332,0.561,0.323,0.143,0.761,0.971,0.133
37,860,0.098,1.034,0.326,0.258,0.16,0.274,0.724,0.114
37,960,0.154,0.291,0.362,0.267,0.018,0.258,0.819,0.147
37,1060,0.177,0.326,1.297,0.256,0.142,0.365,0.777,0.425
38,40,0.087,0.373,0.779,0.308,0.059,0.929,0.951,0.315
38,140,0.152,0.69,0.455,0.356,0.039,0.723,1.134,0.222
38,240,0.068,0.272,0.758,0.348,0.135,0.746,1.453,0.43
38,340,0.22,0.662,0.622,0.254,0.051,0.586,0.803,0.181
38,440,0.091,0.366,0.766,0.344,0.051,0.526,1.269,0.296
38,540,0.128,0.55,0.422,0.165,0.085,0.866,0.639,0.156
38,640,0.227,0.2,0.99,0.249,0.073,0.567,0.657,0.301
38,740,0.137,0.251,0.48,0.266,0.064,0.604,0.789,0.138
38,840,0.047,0.57,0.379,0.36,0.171,0.245,0.963,0.104
38,940,0.097,0.366,0.459,0.267,0.029,0.729,0.702,0.149
38,1040,0.148,0.642,0.432,0.284,0.136,0.821,0.779,0.141
39,20,0.096,0.278,0.902,0.228,0.226,0.614,0.859,0.243
39,120,0.191,0.267,0.401,0.326,0.037,0.968,0.685,0.155
39,220,0.085,0.662,0.488,0.173,0.188,0.208,0.672,0.204
39,320,0.091,0.433,0.54,0.409,0.216,1.346,1.21,0.183
39,420,0.081,0.524,0.566,0.201,0.221,0.619,0.661,0.125
39,520,0.087,0.961,0.274,0.341,0.199,0.527,0.785,0.094
39,620,0.241,0.517,0.505,0.253,0.046,0.323,0.847,0.186
39,720,0.069,0.401,0.535,0.342,0.268,0.154,0.893,0.144
39,820,0.044,0.284,0.425,0.205,0.056,0.62,0.703,0.118
39,920,0.242,0.221,0.417,0.148,0.142,0.325,0.506,0.165
39,1020,0.09,0.221,0.61,0.215,0.187,0.434,0.691,0.147
39,1120,0.061,0.193,0.382,0.208,0.143,0.104,0.665,0.133
40,100,0.33,0.888,0.387,0.179,0.261,0.159,0.531,0.139
40,200,0.036,0.689,0.38,0.281,0.214,0.237,0.868,0.145
40,300,0.066,0.72,0.35,0.275,0.225,0.635,0.731,0.111
40,400,0.11,0.364,0.492,0.193,0.058,0.384,0.622,0.124
40,500,0.234,0.4,0.376,0.172,0.095,0.506,0.552,0.154
40,600,0.209,0.814,0.613,0.163,0.075,0.505,0.563,0.192
40,700,0.047,0.881,0.673,0.307,0.129,0.572,0.765,0.17
40,800,0.222,0.309,0.362,0.178,0.159,0.237,0.521,0.145
40,900,0.053,0.571,0.359,0.127,0.334,0.135,0.452,0.16
40,1000,0.173,0.628,0.536,0.203,0.225,0.413,0.546,0.166
40,1100,0.102,0.834,0.376,0.216,0.136,0.501,0.65,0.148
41,80,0.039,0.977,0.672,0.241,0.057,0.44,0.692,0.222
41,180,0.133,0.386,0.717,0.165,0.108,0.609,0.607,0.232
41,280,0.121,0.49,0.426,0.271,0.096,0.468,0.715,0.204
41,380,0.199,0.328,0.597,0.2,0.193,0.471,0.504,0.12
41,480,0.249,0.484,0.625,0.209,0.168,0.217,0.603,0.163
41,580,0.138,0.749,0.686,0.254,0.192,0.276,0.74,0.138
41,680,0.143,0.794,0.394,0.288,0.123,0.327,0.794,0.172
41,780,0.074,1.059,0.37,0.258,0.156,0.294,0.543,0.134
41,880,0.071,0.499,0.57,0.242,0.056,0.652,0.633,0.168
41,980,0.153,0.535,0.473,0.239,0.108,0.348,0.629,0.16
41,1080,0.11,0.4,0.621,0.24,0.123,0.237,0.89,0.317
42,60,0.099,0.596,0.67,0.176,0.087,0.521,0.818,0.258
42,160,0.214,0.4,0.396,0.138,0.135,0.222,0.529,0.172
42,260,0.118,0.682,0.568,0.161,0.074,0.253,0.597,0.198
42,360,0.052,0.41,0.426,0.254,0.057,0.533,0.879,0.134
42,460,0.077,0.327,0.666,0.269,0.235,0.478,0.732,0.165
42,560,0.06,0.444,0.381,0.174,0.116,0.281,0.502,0.139
42,660,0.262,0.665,0.385,0.262,0.199,0.621,0.787,0.141
42,760,0.048,0.602,0.463,0.208,0.157,0.175,0.638,0.143
42,860,0.162,0.537,0.597,0.148,0.192,0.212,0.621,0.175
42,960,0.125,0.478,0.561,0.217,0.284,0.479,0.631,0.148
42,1060,0.283,0.362,0.378,0.171,0.066,0.297,0.567,0.143
43,40,0.086,0.58,0.399,0.212,0.131,0.433,0.608,0.148
43,140,0.072,0.539,0.507,0.239,0.213,0.354,0.699,0.153
43,240,0.182,0.363,0.432,0.234,0.189,0.506,0.928,0.134
43,340,0.167,0.307,0.365,0.246,0.118,0.596,0.772,0.134
43,440,0.141,0.345,0.358,0.271,0.273,0.272,0.725,0.131
43,540,0.171,0.459,0.416,0.222,0.114,0.725,0.696,0.143
43,640,0.077,0.473,0.739,0.282,0.257,0.489,0.824,0.21
43,740,0.087,0.927,0.597,0.206,0.085,0.516,0.621,0.232
43,840,0.252,0.53,0.35,0.241,0.123,0.353,0.621,0.12
43,940,0.308,0.339,0.875,0.194,0.109,0.381,0.682,0.255
43,1040,0.219,0.172,0.551,0.229,0.052,0.776,0.674,0.15
44,20,0.219,0.301,0.43,0.223,0.154,0.4,0.898,0.1
44,120,0.161,1.479,0.378,0.254,0.116,0.303,0.803,0.132
44,220,0.093,0.985,0.388,0.323,0.125,0.361,0.878,0.126
44,320,0.093,0.429,0.597,0.309,0.071,1.056,0.774,0.17
44,420,0.159,0.245,0.756,0.318,0.14,1.094,0.867,0.175
44,520,0.147,0.624,0.486,0.359,0.116,0.54,0.992,0.138
44,620,0.108,0.474,0.608,0.279,0.157,0.359,0.721,0.19
44,720,0.081,0.923,0.591,0.199,0.304,0.132,0.594,0.267
44,820,0.129,0.587,0.35,0.207,0.271,0.613,0.66,0.105
44,920,0.109,0.463,0.696,0.192,0.131,0.391,0.599,0.116
44,1020,0.169,0.328,0.358,0.243,0.252,0.481,0.705,0.096
44,1120,0.114,0.348,0.626,0.215,0.277,0.381,0.63,0.185
45,100,0.113,0.572,0.394,0.194,0.171,0.468,0.572,0.136
45,200,0.094,0.587,0.73,0.262,0.149,0.709,0.747,0.242
45,300,0.145,0.386,0.562,0.31,0.303,1.074,0.765,0.134
45,400,0.057,0.286,0.629,0.284,0.256,0.97,0.691,0.192
45,500,0.268,0.491,0.679,0.607,0.193,0.552,1.309,0.139
45,600,0.05,1.223,1.374,0.635,0.212,0.257,1.279,0.157
45,700,0.061,0.634,0.377,0.554,0.077,0.282,1.305,0.127
45,800,0.03,0.356,0.883,0.314,0.077,0.637,0.766,0.182
45,900,0.104,0.556,0.432,0.363,0.034,0.295,0.967,0.159
45,1000,0.11,0.629,0.798,0.53,0.164,0.546,1.003,0.15
45,1100,0.087,0.604,0.7,0.415,0.066,0.481,0.836,0.159
46,80,0.042,0.608,0.498,0.344,0.133,0.439,0.837,0.131
46,180,0.045,0.831,0.508,0.267,0.066,1.326,0.673,0.147
46,280,0.11,0.484,0.389,0.29,0.03,0.494,0.973,0.122
46,380,0.187,0.473,0.501,0.379,0.183,0.503,1.036,0.124
46,480,0.205,0.178,0.598,0.207,0.341,0.771,0.57,0.118
46,580,0.103,0.297,0.607,0.198,0.217,0.312,0.537,0.168
46,680,0.17,0.324,0.637,0.384,0.334,0.33,0.76,0.128
46,780,0.08,0.593,0.404,0.381,0.225,0.912,0.762,0.126
46,880,0.033,0.793,0.386,0.283,0.194,0.216,0.738,0.108
46,980,0.038,0.65,0.595,0.249,0.101,0.217,0.806,0.168
46,1080,0.159,0.571,0.382,0.159,0.068,0.888,0.717,0.123
47,60,0.163,0.248,0.651,0.215,0.146,0.698,0.744,0.181
47,160,0.074,0.591,0.62,0.316,0.24,0.369,0.872,0.188
47,260,0.112,1.03,0.4,0.215,0.148,0.646,0.7,0.123
47,360,0.18,0.536,0.536,0.162,0.151,0.577,0.546,0.197
47,460,0.047,0.683,0.403,0.289,0.049,0.934,0.981,0.13
47,560,0.07,0.306,0.441,0.129,0.187,0.484,0.435,0.152
47,660,0.176,0.363,0.37,0.159,0.268,0.481,0.568,0.093
47,760,0.096,0.187,0.534,0.225,0.301,0.59,0.694,0.147
47,860,0.108,0.408,0.453,0.341,0.185,0.966,0.938,0.137
47,960,0.154,0.486,0.349,0.204,0.153,0.766,0.636,0.088
47,1060,0.072,0.691,0.747,0.215,0.088,0.55,0.784,0.426
48,40,0.188,0.24,0.743,0.126,0.034,0.773,0.46,0.261
48,140,0.03,0.497,0.542,0.328,0.216,1.03,0.941,0.213
48,240,0.146,0.363,0.584,0.217,0.146,0.409,0.72,0.178
48,340,0.065,0.725,0.467,0.18,0.177,0.771,0.607,0.176
48,440,0.107,0.365,0.609,0.248,0.087,0.956,0.729,0.198
48,540,0.143,0.778,0.387,0.133,0.059,0.297,0.43,0.126
48,640,0.093,0.558,0.766,0.232,0.101,0.453,0.697,0.202
48,740,0.212,0.471,0.252,0.213,0.087,0.173,0.533,0.088
48,840,0.153,0.139,0.332,0.291,0.175,0.799,0.756,0.116
48,940,0.175,0.262,0.544,0.194,0.147,0.744,0.557,0.357
48,1040,0.186,0.424,0.335,0.175,0.299,0.356,0.553,0.096
49,20,0.1,0.392,0.706,0.262,0.07,0.275,0.661,0.223
49,120,0.277,0.169,0.418,0.202,0.156,0.399,0.652,0.133
49,220,0.058,0.514,0.439,0.209,0.073,0.393,0.786,0.115
49,320,0.107,0.377,0.705,0.188,0.173,0.947,0.636,0.207
49,420,0.312,0.336,0.662,0.154,0.107,0.266,0.471,0.219
49,520,0.178,0.279,0.771,0.236,0.173,0.569,0.818,0.216
49,620,0.446,0.922,0.385,0.202,0.279,0.114,0.695,0.119
49,720,0.027,0.859,0.356,0.306,0.187,0.276,0.939,0.124
49,820,0.248,0.766,0.473,0.202,0.186,0.509,0.522,0.123
49,920,0.154,0.328,0.513,0.203,0.226,0.553,0.621,0.139
49,1020,0.223,0.667,0.404,0.314,0.038,0.966,0.859,0.151
49,1120,0.158,0.427,0.583,0.243,0.075,0.788,0.84,0.331
50,100,0.184,0.42,0.651,0.118,0.056,0.546,0.422,0.174
50,200,0.257,0.634,0.399,0.18,0.095,0.272,0.724,0.127
50,300,0.153,0.344,0.518,0.242,0.278,0.082,0.691,0.165
50,400,0.095,0.443,0.363,0.199,0.076,0.701,0.602,0.113
50,500,0.119,0.485,0.562,0.202,0.284,0.448,0.582,0.139
50,600,0.136,0.33,0.49,0.201,0.099,0.838,0.641,0.128
50,700,0.159,0.379,1.154,0.556,0.214,0.968,1.203,0.286
50,800,0.099,0.559,0.583,0.272,0.047,0.225,0.751,0.151
50,900,0.049,0.839,1.076,0.52,0.127,0.612,0.944,0.208
50,1000,0.111,0.397,0.639,0.335,0.047,0.446,0.891,0.232
50,1100,0.068,0.914,0.365,0.235,0.082,0.481,0.852,0.139
51,80,0.12,0.437,0.479,0.244,0.159,0.289,0.585,0.105
51,180,0.179,1.049,0.413,0.339,0.07,0.186,0.83,0.133
51,280,0.232,0.242,0.344,0.199,0.115,0.345,0.523,0.129
51,380,0.194,0.222,0.524,0.239,0.146,0.434,0.665,0.174
51,480,0.189,0.516,0.488,0.163,0.222,0.215,0.466,0.111
51,580,0.162,0.398,0.347,0.189,0.082,0.52,0.727,0.131
51,680,0.129,0.31,0.7,0.195,0.076,0.459,0.648,0.146
51,780,0.23,0.231,0.459,0.166,0.126,0.356,0.532,0.211
51,880,0.109,0.228,0.508,0.232,0.139,0.561,0.811,0.141
51,980,0.253,0.112,0.442,0.209,0.102,0.901,0.741,0.134
51,1080,0.175,0.573,0.329,0.207,0.083,0.263,0.57,0.095
52,60,0.102,0.228,0.426,0.233,0.137,0.686,0.668,0.113
52,160,0.111,0.265,0.327,0.401,0.074,0.309,1.01,0.115
52,260,0.228,0.685,0.639,0.188,0.034,0.516,0.675,0.174
52,360,0.089,0.529,0.756,0.233,0.118,0.388,0.63,0.208
52,460,0.025,0.335,0.482,0.261,0.191,0.206,0.646,0.11
52,560,0.085,0.453,0.887,0.285,0.194,0.991,0.71,0.416
52,660,0.041,0.658,0.48,0.223,0.202,0.082,0.774,0.141
52,760,0.077,0.93,0.512,0.231,0.052,1.047,0.789,0.12
52,860,0.118,1.032,0.428,0.223,0.121,1.085,0.643,0.181
52,960,0.191,0.323,0.541,0.17,0.328,1.184,0.483,0.211
52,1060,0.081,0.502,0.433,0.204,0.284,0.377,0.594,0.105
53,40,0.105,0.523,0.495,0.222,0.104,0.23,0.74,0.105
53,140,0.236,0.569,0.534,0.194,0.061,0.148,0.525,0.15
53,240,0.121,0.681,0.278,0.128,0.154,0.324,0.426,0.092
53,340,0.304,0.14,0.57,0.222,0.098,0.678,0.622,0.123
53,440,0.116,0.502,0.36,0.293,0.061,0.957,0.868,0.116
53,540,0.222,0.273,0.429,0.181,0.052,0.262,0.672,0.174
53,640,0.229,0.698,0.947,0.178,0.172,0.273,0.546,0.191
53,740,0.278,0.145,0.435,0.164,0.063,0.577,0.659,0.118
53,840,0.217,0.857,0.497,0.265,0.184,0.705,1.002,0.114
53,940,0.06,0.721,0.633,0.201,0.069,0.642,0.555,0.158
53,1040,0.086,0.546,0.489,0.195,0.185,0.312,0.586,0.122
54,20,0.258,0.594,0.419,0.215,0.108,0.168,0.652,0.173
54,120,0.054,1.002,0.361,0.19,0.132,0.267,0.563,0.124
54,220,0.122,0.448,0.419,0.233,0.226,0.291,0.659,0.123
54,320,0.066,0.476,0.596,0.202,0.266,0.921,0.604,0.166
54,420,0.066,0.618,0.276,0.223,0.083,0.555,0.704,0.11
54,520,0.053,0.428,0.359,0.238,0.063,0.625,0.716,0.123
54,620,0.303,0.096,0.51,0.222,0.107,0.275,0.525,0.141
54,720,0.074,0.543,0.346,0.166,0.099,0.836,0.519,0.124
54,820,0.157,0.653,0.486,0.142,0.041,0.311,0.613,0.164
54,920,0.08,0.461,0.665,0.2,0.125,0.254,0.643,0.209
54,1020,0.055,0.63,0.594,0.19,0.138,0.178,0.694,0.263
54,1120,0.072,0.526,0.361,0.184,0.123,0.246,0.603,0.114
55,100,0.175,0.423,0.365,0.24,0.292,0.277,0.675,0.151
55,200,0.049,0.248,0.512,0.183,0.194,0.617,0.552,0.08
55,300,0.032,0.947,0.379,0.191,0.099,0.364,0.553,0.177
55,400,0.207,0.612,0.316,0.201,0.217,0.339,0.533,0.138
55,500,0.136,0.368,0.378,0.325,0.264,0.629,0.938,0.09
55,600,0.048,0.633,0.357,0.186,0.116,0.46,0.662,0.115
55,700,0.1,0.41,0.638,0.254,0.153,0.521,0.608,0.168
55,800,0.158,0.31,0.441,0.224,0.149,0.584,0.587,0.188
55,900,0.169,0.656,0.358,0.207,0.062,0.44,0.483,0.116
55,1000,0.159,1.077,0.405,0.188,0.172,0.38,0.596,0.123
55,1100,0.151,0.323,0.66,0.246,0.13,0.259,0.689,0.188
56,80,0.615,1.223,0.374,0.174,0.264,0.833,0.562,0.071
56,180,0.027,0.988,0.421,0.2,0.129,0.643,0.568,0.089
56,280,0.15,0.698,0.611,0.3,0.227,0.396,0.663,0.124
56,380,0.215,1.838,0.361,0.388,0.097,0.45,1.588,0.142
56,480,0.065,0.815,0.534,0.611,0.136,0.261,1.313,0.124
56,580,0.023,0.955,0.649,0.332,0.116,0.521,0.749,0.168
56,680,0.024,0.904,0.559,0.205,0.255,0.489,0.691,0.179
56,780,0.014,0.856,0.35,0.26,0.128,0.947,0.827,0.127
56,880,0.02,0.786,0.53,0.378,0.178,0.315,0.971,0.152
56,980,0.013,0.921,0.589,0.358,0.066,0.751,0.84,0.275
56,1080,0.033,0.895,0.787,0.341,0.12,0.365,0.875,0.157
57,60,0.044,0.645,0.642,0.317,0.063,0.464,0.83,0.186
57,160,0.113,0.539,0.334,0.4,0.074,0.651,1.037,0.115
57,260,0.118,0.505,0.275,0.285,0.116,0.615,0.724,0.116
57,360,0.126,0.515,0.807,0.348,0.148,1.163,1.149,0.19
57,460,0.222,0.256,0.348,0.319,0.035,0.382,0.8,0.132
57,560,0.084,0.434,0.393,0.209,0.097,0.331,0.565,0.128
57,660,0.165,0.271,0.442,0.311,0.112,0.587,0.866,0.101
57,760,0.217,0.394,0.342,0.309,0.059,0.671,0.665,0.118
57,860,0.166,0.426,0.444,0.441,0.094,0.509,0.853,0.126
57,960,0.166,0.551,0.498,0.283,0.213,0.413,0.597,0.154
57,1060,0.062,0.575,0.516,0.317,0.056,0.911,0.936,0.132
58,40,0.127,0.475,0.41,0.173,0.273,0.125,0.716,0.124
58,140,0.123,0.453,0.33,0.208,0.077,0.603,0.665,0.158
58,240,0.093,0.429,0.472,0.196,0.052,0.308,0.512,0.177
58,340,0.08,0.701,0.364,0.229,0.189,0.262,0.698,0.114
58,440,0.15,0.389,0.479,0.197,0.113,0.539,0.507,0.107
58,540,0.075,0.482,0.424,0.213,0.136,0.545,0.71,0.123
58,640,0.269,1.438,0.437,0.207,0.083,0.399,0.662,0.131
58,740,0.136,0.389,0.718,0.221,0.056,0.745,0.761,0.231
58,840,0.119,0.422,0.251,0.228,0.268,0.183,0.595,0.086
58,940,0.231,0.278,0.421,0.157,0.208,0.414,0.538,0.12
58,1040,0.262,0.698,0.558,0.21,0.232,0.534,0.775,0.148
59,20,0.128,0.253,0.377,0.181,0.177,0.822,0.597,0.133
59,120,0.157,0.553,0.359,0.203,0.197,0.214,0.557,0.112
59,220,0.143,0.797,0.396,0.167,0.236,0.347,0.615,0.128
59,320,0.137,0.534,0.348,0.212,0.052,0.523,0.659,0.112
59,420,0.258,0.139,0.479,0.191,0.329,0.149,0.536,0.14
59,520,0.084,1.19,0.338,0.208,0.187,0.282,0.512,0.115
59,620,0.057,0.779,0.538,0.283,0.134,0.355,0.932,0.227
59,720,0.119,0.453,0.341,0.192,0.13,0.544,0.616,0.145
59,820,0.2,0.695,0.639,0.185,0.047,0.416,0.649,0.218
59,920,0.142,0.263,0.78,0.15,0.458,1.263,0.446,0.161
59,1020,0.121,0.436,0.576,0.196,0.153,0.276,0.473,0.182
59,1120,0.141,0.478,0.584,0.31,0.038,0.764,0.662,0.195
60,100,0.061,0.736,0.9,0.55,0.112,0.853,0.887,0.193
60,200,0.225,0.703,0.762,0.488,0.149,0.482,1.068,0.205
60,300,0.159,0.268,0.367,0.251,0.193,0.124,0.658,0.148
60,400,0.086,0.741,0.663,0.353,0.264,0.745,0.71,0.144
60,500,0.074,0.568,0.462,0.25,0.061,0.617,0.817,0.123
60,600,0.16,0.498,1.653,0.444,0.317,0.11,1.009,0.147
60,700,0.106,0.752,0.474,0.31,0.111,0.521,0.93,0.117
60,800,0.08,0.55,0.417,0.375,0.177,0.179,0.806,0.115
60,900,0.095,0.883,0.371,0.272,0.209,0.28,0.844,0.114
60,1000,0.131,0.523,0.667,0.165,0.167,0.434,0.527,0.178
60,1100,0.117,0.347,0.389,0.208,0.269,0.488,0.782,0.098
61,80,0.159,0.365,0.727,0.375,0.178,0.372,0.773,0.204
61,180,0.082,0.545,0.362,0.179,0.189,0.643,0.506,0.115
61,280,0.258,0.187,0.392,0.198,0.058,0.36,0.608,0.111
61,380,0.251,0.147,0.465,0.319,0.282,0.859,0.95,0.093
61,480,0.101,0.526,0.543,0.135,0.353,0.103,0.381,0.201
61,580,0.071,0.467,0.41,0.27,0.083,0.583,0.699,0.22
61,680,0.15,0.738,0.346,0.165,0.075,0.261,0.688,0.111
61,780,0.166,0.248,0.664,0.273,0.18,0.847,0.995,0.252
61,880,0.042,0.484,0.328,0.209,0.032,0.806,0.626,0.121
61,980,0.126,0.385,0.275,0.147,0.176,0.742,0.45,0.081
61,1080,0.157,0.855,0.358,0.159,0.119,0.717,0.477,0.112
62,60,0.214,0.252,0.616,0.184,0.115,0.867,0.753,0.187
62,160,0.079,0.476,0.294,0.262,0.226,0.306,0.72,0.172
62,260,0.256,0.27,0.374,0.227,0.157,1.057,0.755,0.126
62,360,0.267,0.872,0.454,0.194,0.207,0.277,0.727,0.135
62,460,0.139,0.156,0.386,0.208,0.039,0.271,0.625,0.14
62,560,0.099,0.351,0.643,0.199,0.131,0.476,0.576,0.225
62,660,0.059,0.385,0.448,0.219,0.069,0.795,0.592,0.126
62,760,0.291,0.698,0.419,0.221,0.171,0.358,0.679,0.119
62,860,0.179,0.43,0.347,0.156,0.281,0.121,0.501,0.108
62,960,0.044,0.477,0.627,0.182,0.155,0.705,0.637,0.147
62,1060,0.124,0.286,0.44,0.192,0.141,0.651,0.592,0.126
63,40,0.07,0.212,0.476,0.257,0.081,0.585,0.723,0.147
63,140,0.166,0.321,0.568,0.229,0.05,0.464,0.72,0.154
63,240,0.027,0.638,0.356,0.219,0.057,0.685,0.574,0.124
63,340,0.168,0.433,0.498,0.15,0.144,0.606,0.466,0.158
63,440,0.263,0.935,0.371,0.179,0.225,0.201,0.591,0.143
63,540,0.09,0.449,1.153,0.196,0.059,1.026,1.068,0.486
63,640,0.187,0.293,0.523,0.153,0.145,0.346,0.544,0.157
63,740,0.128,0.977,0.369,0.179,0.051,0.934,0.654,0.137
63,840,0.157,0.66,0.526,0.49,0.157,0.305,0.847,0.147
63,940,0.067,0.934,0.772,0.387,0.066,0.524,0.907,0.182
63,1040,0.066,0.234,0.445,0.298,0.103,0.415,0.683,0.132
64,20,0.102,0.799,0.347,0.231,0.176,0.34,0.658,0.128
64,120,0.034,0.921,0.378,0.234,0.141,0.168,0.663,0.121
64,220,0.12,0.603,0.48,0.229,0.116,0.38,0.666,0.172
64,320,0.071,0.738,0.388,0.215,0.137,0.388,0.704,0.209
64,420,0.065,0.897,0.359,0.222,0.132,0.653,0.654,0.117
64,520,0.052,0.706,0.4,0.161,0.072,0.687,0.464,0.103
64,620,0.295,0.848,0.595,0.196,0.386,1.258,0.669,0.212
64,720,0.053,0.96,0.373,0.264,0.133,0.459,0.818,0.077
64,820,0.144,0.584,0.535,0.248,0.167,0.448,0.64,0.154
64,920,0.108,0.458,0.572,0.199,0.084,0.448,0.586,0.186
64,1020,0.07,0.753,0.442,0.241,0.086,0.544,0.671,0.137
64,1120,0.06,0.816,0.837,0.272,0.126,0.603,0.54,0.235
65,100,0.043,0.325,0.541,0.228,0.146,0.273,0.589,0.141
65,200,0.268,1.015,0.515,0.336,0.162,0.754,0.573,0.141
65,300,0.067,0.526,0.325,0.196,0.154,0.48,0.58,0.107
65,400,0.212,0.277,0.322,0.182,0.123,0.366,0.521,0.111
65,500,0.206,1.228,0.296,0.207,0.135,0.679,0.611,0.158
65,600,0.081,0.388,0.464,0.21,0.086,1.034,0.675,0.153
65,700,0.184,1.289,0.422,0.208,0.121,0.611,0.755,0.099
65,800,0.075,0.29,0.528,0.187,0.143,0.361,0.593,0.144
65,900,0.261,0.718,0.278,0.212,0.083,0.61,0.657,0.141
65,1000,0.032,0.524,0.621,0.246,0.06,0.714,0.776,0.176
65,1100,0.041,0.847,0.718,0.187,0.152,0.746,0.684,0.219
66,80,0.044,0.592,0.705,0.182,0.086,0.514,0.74,0.468
66,180,0.189,0.409,0.341,0.247,0.039,0.699,0.849,0.111
66,280,0.09,0.923,0.374,0.202,0.275,0.321,0.724,0.115
66,380,0.075,0.43,0.349,0.198,0.109,0.418,0.655,0.11
66,480,0.078,0.54,0.403,0.181,0.093,0.272,0.598,0.124
66,580,0.028,0.67,0.409,0.28,0.179,0.536,0.803,0.145
66,680,0.114,0.527,0.637,0.17,0.101,0.291,0.543,0.122
66,780,0.152,0.278,0.498,0.23,0.036,0.884,0.725,0.135
66,880,0.14,0.397,0.376,0.185,0.036,0.813,0.594,0.119
66,980,0.039,0.855,0.404,0.268,0.299,1.771,0.717,0.091
66,1080,0.111,0.902,0.341,0.226,0.112,0.647,0.749,0.115
67,60,0.101,0.387,0.473,0.183,0.131,0.44,0.669,0.145
67,160,0.034,0.492,0.506,0.181,0.176,0.336,0.546,0.131
67,260,0.309,0.318,0.333,0.183,0.172,0.631,0.523,0.228
67,360,0.115,0.767,0.401,0.155,0.082,0.457,0.58,0.124
67,460,0.108,0.964,0.543,0.203,0.066,0.535,0.678,0.136
67,560,0.147,0.435,0.45,0.164,0.083,0.533,0.526,0.15
67,660,0.093,0.474,0.746,0.231,0.153,0.505,0.728,0.177
67,760,0.121,0.453,0.39,0.375,0.072,0.547,0.753,0.138
67,860,0.081,0.435,0.568,0.21,0.074,0.735,0.632,0.182
67,960,0.084,0.397,0.515,0.194,0.053,0.46,0.528,0.115
67,1060,0.099,0.224,0.368,0.277,0.186,0.541,0.737,0.086
68,40,0.082,0.214,0.455,0.266,0.048,0.703,0.769,0.101
68,140,0.037,0.837,0.553,0.296,0.12,0.993,0.882,0.158
68,240,0.147,0.352,0.642,0.165,0.122,0.405,0.408,0.195
68,340,0.17,0.654,0.477,0.261,0.122,0.374,0.89,0.175
68,440,0.018,0.496,0.46,0.354,0.096,0.636,0.733,0.101
68,540,0.067,0.871,0.353,0.343,0.166,0.555,0.866,0.114
68,640,0.022,0.97,0.299,0.354,0.033,0.334,0.848,0.09
68,740,0.04,1.081,0.373,0.391,0.06,0.299,0.818,0.128
68,840,0.12,0.47,0.574,0.324,0.059,0.682,0.96,0.172
68,940,0.045,0.433,0.441,0.267,0.05,0.428,0.649,0.097
68,1040,0.136,0.706,0.441,0.255,0.053,0.546,0.716,0.143
69,20,0.146,0.337,0.339,0.305,0.097,0.57,0.703,0.109
69,120,0.075,0.76,0.573,0.25,0.102,0.497,1.036,0.185
69,220,0.085,0.616,0.384,0.21,0.102,0.867,0.576,0.151
69,320,0.194,0.752,0.35,0.339,0.14,0.641,0.903,0.108
69,420,0.103,0.367,0.553,0.264,0.129,0.673,0.778,0.097
69,520,0.09,0.454,0.957,0.34,0.109,0.729,0.944,0.213
69,620,0.043,1.407,0.343,0.267,0.101,0.261,0.734,0.11
69,720,0.032,0.965,0.503,0.455,0.089,0.516,1.072,0.1
69,820,0.042,0.677,0.37,0.283,0.087,0.898,0.833,0.138
69,920,0.101,0.368,0.408,0.286,0.308,0.564,0.863,0.123
69,1020,0.115,1.762,0.947,0.579,0.056,0.899,1.247,0.251
69,1120,0.019,1.188,0.56,0.223,0.035,0.821,0.62,0.128
70,100,0.092,0.774,0.49,0.275,0.115,0.437,0.758,0.147
70,200,0.033,0.59,0.547,0.28,0.038,0.778,0.796,0.205
70,300,0.04,0.742,0.576,0.322,0.094,0.532,0.729,0.11
70,400,0.056,0.542,0.754,0.184,0.039,0.724,0.783,0.152
70,500,0.161,0.571,0.342,0.308,0.209,0.93,0.8,0.147
70,600,0.13,0.471,0.324,0.184,0.264,1.222,0.648,0.087
70,700,0.188,0.581,0.564,0.267,0.192,0.291,0.783,0.171
70,800,0.1,0.4,0.435,0.241,0.065,0.409,0.847,0.122
70,900,0.162,1.06,1.028,0.214,0.122,0.394,0.62,0.193
70,1000,0.118,0.329,0.345,0.191,0.09,0.408,0.651,0.115
70,1100,0.053,0.791,0.453,0.297,0.15,0.288,0.83,0.122
71,80,0.029,0.878,0.603,0.232,0.05,0.461,0.523,0.159
71,180,0.03,0.798,0.65,0.271,0.054,0.466,1.084,0.165
71,280,0.077,0.684,0.559,0.23,0.072,0.447,0.633,0.216
71,380,0.052,0.56,0.398,0.236,0.098,0.519,0.624,0.095
71,480,0.037,0.406,0.691,0.262,0.036,0.331,0.803,0.179
71,580,0.06,0.148,0.348,0.246,0.131,0.388,0.687,0.07
71,680,0.039,0.692,0.489,0.192,0.117,0.331,0.562,0.118
71,780,0.208,0.567,0.374,0.139,0.295,0.125,0.495,0.155
71,880,0.05,0.539,0.341,0.238,0.231,0.683,0.635,0.107
71,980,0.039,0.882,0.464,0.224,0.073,0.478,0.62,0.105
71,1080,0.106,0.564,0.54,0.11,0.286,0.109,0.375,0.161
72,60,0.127,1.259,1.096,0.236,0.189,0.352,0.695,0.214
72,160,0.209,0.401,0.387,0.132,0.159,0.26,0.468,0.135
72,260,0.111,0.404,0.405,0.228,0.13,0.649,0.65,0.132
72,360,0.207,0.32,0.476,0.176,0.047,0.35,0.631,0.151
72,460,0.06,0.61,0.479,0.184,0.09,0.593,0.569,0.152
72,560,0.035,0.319,0.328,0.199,0.042,1.037,0.602,0.088
72,660,0.1,0.456,0.518,0.183,0.177,0.292,0.634,0.166
72,760,0.309,1.098,0.385,0.26,0.051,0.723,0.775,0.114
72,860,0.119,0.336,0.619,0.195,0.314,0.227,0.599,0.179
72,960,0.067,0.431,0.397,0.218,0.046,0.94,0.596,0.138
72,1060,0.091,0.657,0.513,0.27,0.182,0.688,0.829,0.183
73,40,0.204,0.378,0.805,0.29,0.057,0.655,0.678,0.244
73,140,0.161,0.304,0.627,0.237,0.096,0.823,0.647,0.284
73,240,0.105,0.763,0.61,0.358,0.032,0.937,0.863,0.202
73,340,0.072,0.868,0.455,0.249,0.036,0.778,1.062,0.133
73,440,0.102,0.336,0.508,0.357,0.035,1.39,0.984,0.167
73,540,0.033,0.539,0.514,0.228,0.07,0.658,0.661,0.157
73,640,0.051,0.405,0.481,0.156,0.058,0.597,0.516,0.136
73,740,0.101,0.459,0.402,0.251,0.028,0.645,0.77,0.12
73,840,0.261,0.198,0.428,0.251,0.072,0.522,0.812,0.127
73,940,0.182,0.279,0.562,0.203,0.098,0.394,0.666,0.166
73,1040,0.067,0.702,0.384,0.161,0.077,0.583,0.539,0.113
74,20,0.157,0.853,0.638,0.276,0.055,0.141,0.846,0.152
74,120,0.041,0.665,0.343,0.18,0.051,0.387,0.569,0.115
74,220,0.102,0.385,0.57,0.194,0.179,0.382,0.559,0.15
74,320,0.24,0.214,0.658,0.196,0.094,0.439,0.585,0.213
74,420,0.234,0.281,0.358,0.127,0.106,0.679,0.463,0.111
74,520,0.127,0.584,0.484,0.189,0.156,0.33,0.63,0.121
74,620,0.21,0.223,0.68,0.229,0.169,0.262,0.585,0.2
74,720,0.278,0.777,0.344,0.205,0.092,0.476,0.67,0.111
74,820,0.077,0.536,0.468,0.169,0.155,0.522,0.631,0.173
74,920,0.107,0.749,0.452,0.163,0.032,0.618,0.542,0.155
74,1020,0.071,0.538,0.613,0.245,0.08,0.217,0.674,0.127
74,1120,0.065,0.54,0.37,0.453,0.101,0.407,0.891,0.122
75,100,0.028,0.716,0.647,0.233,0.075,0.607,0.578,0.133
75,200,0.104,0.157,0.605,0.224,0.038,0.487,0.663,0.149
75,300,0.078,0.475,0.394,0.212,0.055,0.674,0.801,0.111
75,400,0.072,0.534,0.35,0.181,0.058,0.581,0.661,0.126
75,500,0.166,0.621,0.497,0.159,0.063,0.996,0.643,0.146
75,600,0.049,0.782,0.382,0.209,0.088,0.756,0.614,0.137
75,700,0.215,0.999,1.052,0.263,0.052,0.666,0.796,0.266
75,800,0.102,0.557,0.555,0.293,0.171,0.451,0.934,0.173
75,900,0.035,0.611,0.44,0.199,0.22,0.482,0.567,0.134
75,1000,0.09,0.475,0.611,0.304,0.217,0.342,0.926,0.151
75,1100,0.129,0.395,0.421,0.148,0.27,0.13,0.434,0.132
76,80,0.275,0.312,0.6,0.127,0.13,0.396,0.407,0.124
76,180,0.215,0.196,0.603,0.171,0.208,0.426,0.54,0.167
76,280,0.022,0.93,0.462,0.195,0.143,0.389,0.571,0.113
76,380,0.186,0.392,0.401,0.123,0.046,0.74,0.457,0.124
76,480,0.386,0.389,0.47,0.16,0.089,0.406,0.428,0.149
76,580,0.294,0.776,0.449,0.23,0.106,0.735,0.568,0.144
76,680,0.105,0.403,0.57,0.191,0.082,0.42,0.602,0.173
76,780,0.139,0.601,0.498,0.28,0.117,0.589,0.646,0.208
76,880,0.094,0.493,0.436,0.166,0.057,0.776,0.536,0.138
76,980,0.174,0.323,0.947,0.178,0.116,0.444,0.57,0.322
76,1080,0.196,0.248,0.411,0.223,0.072,0.935,0.677,0.116
77,60,0.05,1.135,0.807,0.368,0.046,0.954,1.107,0.228
77,160,0.026,0.722,0.375,0.204,0.032,0.708,0.648,0.116
77,260,0.046,1.05,0.605,0.251,0.044,0.868,0.744,0.181
77,360,0.236,0.253,0.907,0.154,0.233,0.196,0.506,0.268
77,460,0.212,0.873,0.761,0.214,0.037,0.448,0.69,0.495
77,560,0.078,0.849,0.693,0.145,0.049,0.934,0.455,0.274
77,660,0.089,0.617,0.397,0.2,0.14,0.336,0.678,0.123
77,760,0.186,0.568,0.717,0.136,0.084,0.874,0.533,0.239
77,860,0.096,0.585,0.38,0.138,0.185,0.139,0.436,0.112
77,960,0.162,0.743,0.412,0.335,0.083,0.929,0.546,0.15
77,1060,0.074,0.565,0.72,0.191,0.109,0.538,0.609,0.308
78,40,0.054,1.005,0.408,0.248,0.222,1.3,0.905,0.123
78,140,0.088,0.454,0.347,0.202,0.058,0.683,0.866,0.108
78,240,0.347,0.117,0.965,0.186,0.032,0.435,0.612,0.207
78,340,0.096,0.376,0.343,0.217,0.05,0.642,0.573,0.134
78,440,0.131,0.367,0.436,0.18,0.063,0.555,0.568,0.154
78,540,0.278,0.478,0.77,0.187,0.085,0.466,0.64,0.336
78,640,0.092,0.936,0.466,0.11,0.034,0.73,0.412,0.092
78,740,0.036,0.452,0.549,0.215,0.055,0.591,0.637,0.183
78,840,0.18,0.372,0.489,0.134,0.064,0.397,0.468,0.136
78,940,0.256,0.463,0.374,0.13,0.045,0.869,0.502,0.102
78,1040,0.059,0.619,0.446,0.55,0.098,0.58,0.933,0.1
79,20,0.047,0.621,0.397,0.191,0.155,0.288,0.593,0.133
79,120,0.096,0.319,0.383,0.234,0.047,0.666,0.741,0.157
79,220,0.171,0.314,0.439,0.245,0.262,0.92,0.525,0.109
79,320,0.239,0.474,0.369,0.149,0.191,0.254,0.567,0.118
79,420,0.197,0.486,0.536,0.161,0.086,1.195,0.646,0.201
79,520,0.136,0.157,0.356,0.352,0.056,0.66,0.778,0.109
79,620,0.186,0.233,0.353,0.201,0.044,0.629,0.814,0.113
79,720,0.111,0.362,0.497,0.249,0.063,0.602,0.963,0.134
79,820,0.112,0.355,0.375,0.243,0.196,0.428,0.765,0.106
79,920,0.247,0.739,0.379,0.106,0.053,0.635,0.488,0.115
79,1020,0.185,0.22,0.367,0.388,0.057,0.508,0.994,0.15
79,1120,0.16,0.616,0.525,0.206,0.09,0.787,0.479,0.109
80,100,0.191,0.302,0.443,0.181,0.058,0.535,0.614,0.116
80,200,0.102,0.528,0.604,0.153,0.036,0.393,0.4,0.15
80,300,0.28,0.487,1.216,0.128,0.129,0.434,0.467,0.505
80,400,0.159,0.318,0.599,0.202,0.115,0.855,0.699,0.164
80,500,0.105,0.609,0.574,0.13,0.043,0.999,0.38,0.156
80,600,0.073,0.786,0.459,0.176,0.357,1.286,0.621,0.104
80,700,0.019,0.921,0.362,0.185,0.096,0.28,0.533,0.097
80,800,0.232,0.18,0.39,0.184,0.077,0.665,0.604,0.108
80,900,0.098,0.441,0.441,0.257,0.062,0.543,0.674,0.111
80,1000,0.198,0.808,0.331,0.136,0.164,0.873,0.423,0.113
80,1100,0.098,0.531,0.568,0.309,0.164,0.307,0.663,0.143
81,80,0.125,0.46,0.548,0.115,0.032,0.76,0.43,0.187
81,180,0.135,0.351,0.285,0.154,0.038,0.741,0.584,0.093
81,280,0.061,0.7,0.456,0.238,0.201,0.376,0.609,0.116
81,380,0.181,0.371,0.469,0.245,0.324,1.19,0.57,0.134
81,480,0.083,0.42,0.644,0.194,0.044,0.753,0.599,0.192
81,580,0.09,0.39,0.488,0.194,0.047,0.808,0.633,0.146
81,680,0.09,0.673,0.636,0.178,0.086,0.327,0.568,0.153
81,780,0.055,0.4,0.489,0.214,0.023,0.826,0.646,0.186
81,880,0.049,0.645,0.615,0.159,0.089,0.601,0.506,0.168
81,980,0.096,0.286,0.346,0.16,0.099,0.988,0.399,0.105
81,1080,0.325,0.454,0.436,0.126,0.238,0.604,0.566,0.123
82,60,0.273,0.362,0.538,0.323,0.074,0.461,1.05,0.143
82,160,0.156,0.286,0.439,0.108,0.153,0.295,0.412,0.169
82,260,0.231,0.515,0.609,0.145,0.064,0.649,0.377,0.155
82,360,0.078,0.283,0.327,0.165,0.117,0.816,0.576,0.105
82,460,0.107,0.262,0.373,0.328,0.027,1.321,0.799,0.128
82,560,0.126,0.336,0.619,0.241,0.024,0.893,0.575,0.188
82,660,0.052,0.517,0.425,0.183,0.071,0.974,0.598,0.114
82,760,0.092,0.558,0.535,0.247,0.047,1.336,0.672,0.186
82,860,0.219,1.409,0.772,0.206,0.151,0.099,0.596,0.161
82,960,0.121,0.587,0.34,0.203,0.044,0.53,0.618,0.099
82,1060,0.262,0.532,0.602,0.152,0.061,0.667,0.498,0.131
83,40,0.136,0.468,0.674,0.209,0.033,0.969,0.581,0.237
83,140,0.334,0.662,0.429,0.229,0.139,0.309,0.529,0.153
83,240,0.06,0.811,0.693,0.243,0.115,0.331,0.656,0.148
83,340,0.06,0.595,0.418,0.181,0.068,0.983,0.634,0.117
83,440,0.211,0.298,0.418,0.127,0.176,0.621,0.433,0.153
83,540,0.059,0.627,0.39,0.154,0.189,0.288,0.513,0.108
83,640,0.145,0.487,0.388,0.208,0.119,0.395,0.634,0.098
83,740,0.298,0.91,0.561,0.218,0.105,0.899,0.461,0.177
83,840,0.063,0.799,0.61,0.165,0.264,0.129,0.512,0.143
83,940,0.16,0.5,0.339,0.161,0.158,0.831,0.535,0.104
83,1040,0.05,0.517,0.493,0.189,0.132,0.356,0.633,0.144
84,20,0.034,0.814,0.471,0.156,0.072,0.512,0.507,0.139
84,120,0.152,0.26,0.421,0.179,0.137,1.178,0.505,0.111
84,220,0.283,0.755,0.481,0.143,0.056,0.972,0.638,0.12
84,320,0.12,0.414,0.443,0.519,0.053,0.606,1.199,0.103
84,420,0.089,0.674,0.651,0.201,0.112,0.379,0.646,0.223
84,520,0.035,0.553,0.348,0.18,0.047,0.452,0.57,0.113
84,620,0.069,0.528,0.433,0.161,0.062,0.791,0.555,0.124
84,720,0.065,0.492,0.595,0.137,0.25,0.499,0.388,0.165
84,820,0.118,0.429,0.327,0.202,0.135,0.506,0.582,0.082
84,920,0.197,0.507,0.453,0.136,0.072,0.185,0.476,0.098
84,1020,0.059,0.728,0.522,0.21,0.04,0.642,0.573,0.153
84,1120,0.255,0.578,0.347,0.192,0.087,0.589,0.634,0.144
85,100,0.203,0.175,0.359,0.114,0.085,0.543,0.372,0.11
85,200,0.099,1.002,0.356,0.168,0.067,0.584,0.54,0.103
85,300,0.124,0.257,0.708,0.154,0.044,0.537,0.501,0.169
85,400,0.198,0.24,0.435,0.282,0.057,1.306,0.829,0.13
85,500,0.09,0.694,0.56,0.259,0.092,0.464,0.844,0.174
85,600,0.08,0.524,0.33,0.19,0.057,0.513,0.577,0.078
85,700,0.23,0.642,0.323,0.171,0.053,0.699,0.635,0.099
85,800,0.146,0.677,0.477,0.276,0.045,0.802,0.82,0.075
85,900,0.147,0.487,0.699,0.225,0.11,0.535,0.81,0.196
85,1000,0.051,0.603,0.439,0.249,0.055,0.449,0.67,0.121
85,1100,0.18,0.27,0.353,0.205,0.16,0.265,0.649,0.112
86,80,0.155,0.463,0.345,0.174,0.041,0.973,0.518,0.106
86,180,0.196,0.78,0.285,0.165,0.11,0.737,0.59,0.1
86,280,0.186,0.637,0.553,0.135,0.194,0.082,0.486,0.235
86,380,0.07,0.591,0.708,0.236,0.018,0.944,0.602,0.175
86,480,0.163,0.268,0.363,0.188,0.161,0.91,0.611,0.115
86,580,0.072,0.645,0.524,0.294,0.154,0.685,0.814,0.169
86,680,0.073,0.819,0.307,0.174,0.03,0.488,0.58,0.093
86,780,0.075,0.578,0.641,0.163,0.074,0.923,0.556,0.183
86,880,0.262,0.217,0.687,0.201,0.043,0.848,0.614,0.183
86,980,0.03,0.534,0.309,0.185,0.273,0.843,0.515,0.127
86,1080,0.218,0.551,0.534,0.18,0.365,0.078,0.497,0.135
87,60,0.277,0.55,0.582,0.187,0.18,0.177,0.51,0.134
87,160,0.178,0.882,0.685,0.178,0.184,0.327,0.557,0.189
87,260,0.183,0.278,0.354,0.184,0.138,0.373,0.483,0.11
87,360,0.176,0.331,0.475,0.141,0.084,0.576,0.487,0.152
87,460,0.131,0.306,0.338,0.173,0.115,0.091,0.529,0.114
87,560,0.022,0.512,0.553,0.165,0.04,0.423,0.509,0.145
87,660,0.096,0.77,0.534,0.256,0.08,0.697,0.974,0.156
87,760,0.094,0.449,0.402,0.187,0.015,0.937,0.642,0.133
87,860,0.165,0.458,0.623,0.161,0.017,1.036,0.715,0.221
87,960,0.213,0.495,0.494,0.15,0.084,0.652,0.589,0.196
87,1060,0.089,0.569,0.379,0.183,0.097,0.405,0.646,0.116
88,40,0.023,0.974,0.637,0.164,0.03,0.666,0.566,0.478
88,140,0.094,0.387,0.464,0.166,0.02,0.668,0.647,0.218
88,240,0.081,0.519,0.389,0.161,0.25,0.153,0.607,0.093
88,340,0.159,0.514,0.348,0.213,0.078,0.801,0.725,0.102
88,440,0.289,0.835,0.416,0.167,0.149,0.424,0.613,0.087
88,540,0.168,0.739,0.36,0.211,0.146,0.538,0.733,0.106
88,640,0.197,0.672,0.448,0.236,0.354,0.065,0.526,0.21
88,740,0.131,0.316,0.45,0.246,0.025,0.545,0.838,0.133
88,840,0.166,0.491,0.462,0.181,0.193,1.232,0.579,0.158
88,940,0.054,0.326,0.353,0.193,0.034,0.743,0.687,0.109
88,1040,0.075,0.681,0.365,0.212,0.034,0.72,0.634,0.117
89,20,0.183,0.196,0.689,0.137,0.229,0.179,0.434,0.238
89,120,0.16,0.476,0.429,0.187,0.106,0.358,0.653,0.129
89,220,0.241,0.965,0.621,0.205,0.038,1.313,0.777,0.169
89,320,0.045,0.244,0.466,0.222,0.086,0.342,0.71,0.146
89,420,0.033,0.963,0.377,0.127,0.057,0.905,0.461,0.115
89,520,0.081,0.549,0.657,0.16,0.03,0.842,0.672,0.15
89,620,0.117,0.364,0.513,0.16,0.027,0.466,0.523,0.155
89,720,0.029,0.352,0.399,0.167,0.105,0.563,0.529,0.126
89,820,0.111,0.889,0.586,0.168,0.075,0.541,0.515,0.168
89,920,0.181,0.34,0.519,0.14,0.083,0.702,0.479,0.167
89,1020,0.109,0.184,0.349,0.136,0.192,0.525,0.467,0.103
89,1120,0.128,0.591,0.38,0.145,0.149,0.29,0.505,0.106
90,100,0.045,0.582,0.388,0.215,0.048,1.006,0.683,0.112
90,200,0.109,0.634,0.322,0.219,0.175,1.162,0.837,0.14
90,300,0.047,0.164,0.343,0.159,0.032,0.777,0.518,0.104
90,400,0.029,0.879,0.513,0.163,0.13,0.314,0.563,0.202
90,500,0.257,0.192,0.411,0.155,0.123,0.313,0.435,0.123
90,600,0.072,0.507,0.537,0.175,0.314,0.236,0.591,0.143
90,700,0.239,0.178,0.587,0.136,0.27,0.142,0.427,0.153
90,800,0.197,0.698,0.331,0.199,0.175,0.156,0.536,0.107
90,900,0.19,0.653,0.572,0.153,0.298,0.212,0.57,0.146
90,1000,0.232,0.305,0.446,0.16,0.269,0.206,0.413,0.177
90,1100,0.118,0.382,0.31,0.264,0.322,0.113,0.607,0.079
91,80,0.055,0.736,0.379,0.149,0.225,0.282,0.454,0.112
91,180,0.12,0.417,0.465,0.168,0.172,0.292,0.432,0.12
91,280,0.131,0.473,0.343,0.153,0.076,0.32,0.483,0.115
91,380,0.023,0.881,0.427,0.179,0.201,0.359,0.505,0.158
91,480,0.105,0.618,0.681,0.237,0.106,0.514,0.607,0.352
91,580,0.13,0.421,0.569,0.145,0.094,0.553,0.509,0.164
91,680,0.209,0.727,0.564,0.195,0.167,0.253,0.545,0.413
91,780,0.114,0.628,0.863,0.197,0.093,0.862,0.558,0.356
91,880,0.072,0.319,0.406,0.142,0.121,0.337,0.397,0.122
91,980,0.078,0.663,0.34,0.151,0.181,1.096,0.494,0.101
91,1080,0.135,0.314,0.34,0.244,0.08,0.286,0.65,0.104
92,60,0.055,0.443,0.509,0.154,0.244,0.255,0.47,0.144
92,160,0.263,0.867,0.503,0.156,0.189,0.253,0.487,0.157
92,260,0.046,0.616,0.326,0.156,0.08,0.644,0.542,0.096
92,360,0.046,0.644,0.342,0.168,0.021,0.722,0.616,0.119
92,460,0.053,0.405,0.526,0.121,0.157,0.419,0.521,0.156
92,560,0.167,0.536,0.529,0.186,0.023,0.864,0.733,0.128
92,660,0.146,0.285,0.363,0.164,0.04,0.928,0.551,0.127
92,760,0.135,0.716,0.426,0.125,0.029,0.804,0.407,0.13
92,860,0.058,0.464,0.503,0.168,0.029,0.797,0.577,0.128
92,960,0.101,0.215,0.343,0.188,0.064,0.784,0.583,0.109
92,1060,0.073,0.391,0.355,0.134,0.057,0.66,0.516,0.109
93,40,0.162,0.215,0.473,0.118,0.116,0.737,0.465,0.145
93,140,0.115,0.36,0.682,0.192,0.139,0.466,0.824,0.214
93,240,0.037,1.129,0.458,0.16,0.044,0.42,0.549,0.152
93,340,0.183,0.282,0.279,0.221,0.053,0.577,0.572,0.093
93,440,0.077,0.456,0.298,0.19,0.114,0.528,0.553,0.091
93,540,0.068,0.39,0.719,0.113,0.22,1.057,0.435,0.182
93,640,0.261,0.481,0.529,0.226,0.108,0.428,0.688,0.168
93,740,0.08,0.563,0.259,0.2,0.029,0.625,0.606,0.095
93,840,0.082,0.552,0.375,0.175,0.092,0.685,0.572,0.12
93,940,0.05,0.679,0.338,0.222,0.311,0.118,0.614,0.113
93,1040,0.109,0.52,0.359,0.246,0.027,0.947,0.773,0.105
94,20,0.12,0.784,0.542,0.179,0.158,0.861,0.548,0.131
94,120,0.146,0.377,0.381,0.161,0.044,0.744,0.554,0.113
94,220,0.101,0.466,0.432,0.168,0.015,0.743,0.522,0.154
94,320,0.059,0.464,0.458,0.15,0.045,0.878,0.545,0.13
94,420,0.073,0.278,0.398,0.107,0.026,0.571,0.429,0.137
94,520,0.214,0.299,0.315,0.201,0.038,1.524,0.834,0.086
94,620,0.141,0.881,0.443,0.262,0.031,1.053,0.697,0.114
94,720,0.092,0.361,0.405,0.196,0.029,1.007,0.564,0.117
94,820,0.318,0.519,0.345,0.129,0.024,0.866,0.436,0.113
94,920,0.062,0.539,0.347,0.166,0.009,1.095,0.597,0.112
94,1020,0.094,0.409,0.368,0.17,0.016,1.082,0.502,0.116
94,1120,0.073,0.51,0.578,0.153,0.015,0.902,0.463,0.145
95,100,0.077,0.68,0.256,0.169,0.009,0.882,0.548,0.118
95,200,0.128,0.393,0.374,0.149,0.035,1.239,0.487,0.127
95,300,0.309,0.079,0.627,0.123,0.015,0.804,0.505,0.139
95,400,0.228,0.728,0.888,0.321,0.082,1.035,0.742,0.144
95,500,0.059,0.571,0.409,0.246,0.018,1.258,0.786,0.117
95,600,0.103,0.749,0.399,0.232,0.058,0.65,0.724,0.118
95,700,0.081,1.041,0.768,0.36,0.123,0.744,0.739,0.216
95,800,0.078,0.651,0.585,0.209,0.236,0.483,0.539,0.215
95,900,0.049,0.234,0.373,0.237,0.081,0.543,0.637,0.102
95,1000,0.118,1.044,0.427,0.285,0.065,0.592,0.896,0.099
95,1100,0.191,0.265,0.62,0.173,0.113,0.295,0.991,0.175
96,80,0.118,0.476,0.393,0.184,0.076,0.666,0.695,0.111
96,180,0.038,0.962,0.594,0.19,0.077,0.74,0.573,0.193
96,280,0.188,0.67,0.436,0.324,0.137,0.295,0.549,0.129
96,380,0.164,0.635,0.494,0.244,0.066,0.973,0.733,0.098
96,480,0.189,0.656,0.484,0.207,0.11,0.571,0.61,0.103
96,580,0.048,0.833,0.958,0.265,0.106,0.566,0.788,0.224
96,680,0.163,0.814,0.732,0.194,0.088,0.525,0.67,0.162
96,780,0.171,0.269,0.389,0.297,0.111,0.668,0.692,0.118
96,880,0.085,0.875,0.405,0.186,0.083,0.698,0.667,0.123
96,980,0.093,0.508,0.412,0.215,0.056,1.071,0.602,0.134
96,1080,0.105,0.393,0.432,0.191,0.23,0.72,0.663,0.101
97,60,0.134,0.336,0.354,0.22,0.082,0.525,0.804,0.117
97,160,0.156,0.492,0.394,0.211,0.128,0.602,0.9,0.124
97,260,0.184,0.997,0.54,0.213,0.134,0.515,0.631,0.127
97,360,0.127,1.691,0.402,0.541,0.131,0.684,1.543,0.107
97,460,0.057,0.929,0.487,0.227,0.077,0.499,0.65,0.113
97,560,0.116,0.722,0.53,0.218,0.098,0.38,0.705,0.107
97,660,0.114,0.392,0.656,0.342,0.029,0.908,0.91,0.202
97,760,0.158,0.201,0.418,0.225,0.07,0.843,0.601,0.121
97,860,0.208,0.596,0.704,0.159,0.234,0.728,0.484,0.531
97,960,0.112,0.5,0.468,0.158,0.103,0.431,0.623,0.117
97,1060,0.052,0.835,0.494,0.266,0.098,0.368,0.692,0.137
98,40,0.214,0.72,0.466,0.269,0.094,0.598,0.668,0.127
98,140,0.106,0.827,0.513,0.188,0.197,0.81,0.598,0.152
98,240,0.195,0.654,0.707,0.124,0.132,0.319,0.406,0.268
98,340,0.038,0.386,0.513,0.188,0.033,0.748,0.567,0.171
98,440,0.073,0.491,0.327,0.236,0.043,0.519,0.804,0.069
98,540,0.075,0.581,0.885,0.224,0.031,0.777,0.517,0.13
98,640,0.096,0.493,0.369,0.186,0.072,0.531,0.57,0.1
98,740,0.12,0.995,0.664,0.301,0.034,0.778,0.798,0.148
98,840,0.062,0.384,0.626,0.21,0.025,0.803,0.521,0.19
98,940,0.061,0.793,2.715,0.466,0.031,0.919,1.092,0.656
98,1040,0.093,1.215,0.395,0.361,0.016,0.631,0.651,0.197
99,20,0.068,0.762,0.412,0.271,0.201,0.199,0.724,0.148
99,120,0.202,0.319,0.558,0.24,0.057,0.814,0.731,0.175
99,220,0.217,0.387,0.78,0.304,0.159,0.426,0.533,0.186
99,320,0.057,0.6,0.556,0.144,0.183,1.076,0.492,0.155
99,420,0.18,0.408,0.515,0.196,0.065,0.491,0.603,0.175
99,520,0.175,0.5,0.469,0.197,0.063,0.776,0.595,0.141
99,620,0.276,0.349,0.352,0.221,0.055,0.7,0.476,0.1
99,720,0.218,0.864,0.502,0.219,0.102,0.392,0.558,0.166
99,820,0.059,0.35,0.408,0.126,0.082,0.434,0.435,0.091
99,920,0.176,0.258,0.333,0.185,0.019,0.341,0.603,0.103
99,1020,0.071,0.577,0.425,0.255,0.026,0.92,0.785,0.237
99,1120,0.128,0.386,0.591,0.179,0.052,0.607,0.628,0.133
100,100,0.101,0.765,0.453,0.182,0.042,0.78,0.554,0.138
100,200,0.234,0.339,0.426,0.245,0.023,0.682,0.763,0.135
100,300,0.092,0.422,0.385,0.159,0.041,0.665,0.483,0.122
100,400,0.198,0.345,0.368,0.194,0.083,0.495,0.643,0.109
100,500,0.049,0.823,0.635,0.157,0.054,0.51,0.529,0.141
100,600,0.124,0.518,0.877,0.382,0.095,0.743,0.713,0.212
100,700,0.073,0.733,0.275,0.311,0.083,1.437,0.5,0.095
100,800,0.028,0.825,0.377,0.175,0.1,0.409,0.601,0.132
100,900,0.222,0.229,0.832,0.285,0.146,1.741,0.862,0.343
100,1000,0.1,0.559,0.561,0.192,0.06,0.648,0.599,0.135
100,1100,0.07,0.707,0.376,0.175,0.015,0.716,0.628,0.12
101,80,0.074,0.65,0.688,0.181,0.07,0.487,0.546,0.261
101,180,0.064,0.815,0.364,0.293,0.013,0.683,0.681,0.111
101,280,0.104,0.243,0.665,0.143,0.143,0.174,0.475,0.156
101,380,0.086,0.472,0.451,0.199,0.035,1.112,0.687,0.119
101,480,0.057,0.772,0.835,0.201,0.061,0.548,0.546,0.197
101,580,0.068,0.9,0.304,0.181,0.05,1.028,0.519,0.088
101,680,0.121,0.512,0.513,0.161,0.332,0.065,0.535,0.24
101,780,0.211,0.291,0.85,0.251,0.024,0.843,0.519,0.227
101,880,0.095,0.514,0.621,0.103,0.073,0.476,0.412,0.137
101,980,0.062,0.412,0.363,0.203,0.062,1.231,0.674,0.112
101,1080,0.151,0.651,0.477,0.159,0.313,0.15,0.49,0.167
102,60,0.061,0.578,0.501,0.213,0.225,0.532,0.621,0.096
102,160,0.307,0.822,0.394,0.115,0.132,0.319,0.402,0.123
102,260,0.115,1.376,0.517,0.169,0.199,0.504,0.647,0.145
102,360,0.218,0.302,0.432,0.138,0.048,0.701,0.366,0.107
102,460,0.144,0.36,0.349,0.17,0.181,0.876,0.531,0.113
102,560,0.071,1.261,0.686,0.451,0.147,1.088,1.355,0.12
102,660,0.185,1.013,0.39,0.41,0.109,0.584,0.946,0.105
102,760,0.02,1.03,0.561,0.209,0.035,0.966,0.571,0.148
102,860,0.035,0.622,0.455,0.226,0.072,0.978,0.492,0.161
102,960,0.083,0.829,0.593,0.212,0.101,0.408,0.685,0.124
102,1060,0.035,0.699,0.724,0.335,0.062,1.079,0.988,0.2
103,40,0.023,0.631,0.46,0.282,0.024,0.532,0.673,0.256
103,140,0.075,0.796,0.425,0.281,0.037,1.112,0.851,0.113
103,240,0.064,0.956,0.789,0.277,0.147,0.894,0.685,0.276
103,340,0.08,0.654,0.367,0.16,0.056,1.195,0.432,0.082
103,440,0.072,0.711,0.637,0.265,0.061,0.524,0.669,0.081
103,540,0.056,1.016,0.361,0.154,0.049,0.778,0.411,0.114
103,640,0.073,0.923,0.57,0.227,0.06,0.971,0.61,0.16
103,740,0.089,0.601,0.412,0.259,0.072,0.556,0.551,0.132
103,840,0.029,0.672,0.392,0.191,0.016,0.833,0.676,0.168
103,940,0.097,0.462,0.57,0.208,0.186,0.828,0.568,0.198
103,1040,0.045,0.883,0.504,0.231,0.023,1.11,0.755,0.151
104,20,0.04,0.633,0.249,0.246,0.031,0.871,0.638,0.1
104,120,0.078,0.81,0.67,0.183,0.032,0.683,0.609,0.191
104,220,0.148,0.549,0.746,0.205,0.027,1.054,0.583,0.191
104,320,0.07,0.724,0.39,0.212,0.04,0.778,0.808,0.126
104,420,0.109,0.681,0.376,0.253,0.016,0.958,0.819,0.112
104,520,0.094,0.301,1.011,0.152,0.042,0.661,0.511,0.385
104,620,0.149,0.317,0.356,0.169,0.04,1.172,0.546,0.11
104,720,0.034,1.256,0.648,0.161,0.06,0.556,0.528,0.183
104,820,0.059,0.562,0.837,0.183,0.03,1.015,0.616,0.292
104,920,0.046,0.631,0.482,0.181,0.04,0.83,0.872,0.147
104,1020,0.2,0.263,0.245,0.177,0.054,1.076,0.568,0.212
104,1120,0.141,0.442,0.548,0.125,0.019,0.287,0.509,0.147
105,100,0.301,0.685,0.33,0.184,0.035,0.51,0.506,0.11
105,200,0.114,0.626,0.595,0.13,0.028,0.612,0.432,0.303
105,300,0.036,1.071,0.497,0.162,0.086,0.454,0.522,0.172
105,400,0.087,0.514,0.372,0.179,0.107,0.531,0.828,0.109
105,500,0.127,0.176,0.318,0.157,0.069,0.342,0.537,0.103
105,600,0.037,0.897,0.454,0.168,0.099,0.421,0.555,0.106
105,700,0.074,0.516,0.598,0.169,0.193,0.662,0.568,0.176
105,800,0.098,0.536,0.347,0.157,0.136,0.654,0.514,0.101
105,900,0.079,0.648,0.453,0.158,0.159,0.291,0.52,0.144
105,1000,0.077,0.543,0.311,0.192,0.187,0.274,0.595,0.091
105,1100,0.05,0.813,0.773,0.265,0.118,0.382,1.415,0.15
106,80,0.265,0.692,0.845,0.302,0.081,0.505,1.216,0.141
106,180,0.017,1.123,0.702,0.324,0.252,0.583,0.659,0.132
106,280,0.096,0.575,0.293,0.741,0.119,0.776,0.968,0.089
106,380,0.107,0.878,0.53,0.126,0.045,0.714,0.561,0.172
106,480,0.04,0.738,0.521,0.348,0.037,0.379,0.956,0.126
106,580,0.043,0.653,0.631,0.25,0.16,0.619,0.674,0.078
106,680,0.163,0.588,0.483,0.181,0.318,0.143,0.545,0.141
106,780,0.068,0.565,0.389,0.174,0.11,0.55,0.499,0.109
106,880,0.038,0.939,0.582,0.194,0.181,0.223,0.593,0.132
106,980,0.052,0.722,0.432,0.235,0.163,0.797,0.738,0.096
106,1080,0.046,0.613,0.361,0.157,0.13,0.464,0.58,0.103
107,60,0.038,0.779,0.457,0.184,0.059,0.697,0.558,0.101
107,160,0.073,0.882,0.382,0.189,0.185,0.26,0.618,0.105
107,260,0.045,0.712,0.617,0.317,0.117,0.414,0.745,0.198
107,360,0.024,0.629,0.447,0.212,0.074,0.872,0.614,0.114
107,460,0.057,0.999,0.393,1.215,0.144,0.326,1.675,0.111
107,560,0.023,1.08,0.64,0.217,0.136,0.372,0.764,0.149
107,660,0.021,1.187,0.433,0.26,0.12,0.514,0.779,0.111
107,760,0.012,1.143,0.492,0.194,0.071,0.419,0.665,0.116
107,860,0.033,0.687,0.55,0.245,0.096,0.497,0.679,0.07
107,960,0.028,1.033,0.277,0.2,0.219,0.775,0.632,0.074
107,1060,0.065,1.016,0.552,0.247,0.198,0.597,0.727,0.194
108,40,0.02,0.837,0.354,0.134,0.107,0.477,0.408,0.1
108,140,0.07,0.525,0.558,0.17,0.263,0.182,0.402,0.123
108,240,0.088,0.716,0.362,0.222,0.08,0.316,0.67,0.123
108,340,0.075,0.275,0.5,0.225,0.163,0.313,0.592,0.145
108,440,0.018,0.813,0.579,0.218,0.195,1.057,0.565,0.206
108,540,0.13,0.517,0.612,0.157,0.167,0.319,0.567,0.322
108,640,0.091,0.426,0.516,0.2,0.067,0.631,0.588,0.215
108,740,0.065,0.652,0.54,0.2,0.1,0.708,0.676,0.18
108,840,0.206,0.201,0.485,0.182,0.227,0.524,0.559,0.159
108,940,0.117,0.414,0.275,0.148,0.194,0.702,0.508,0.072
108,1040,0.058,0.647,0.356,0.193,0.192,0.813,0.596,0.109
109,20,0.18,0.691,0.396,0.163,0.047,0.395,0.477,0.105
109,120,0.097,0.81,0.335,0.144,0.026,0.382,0.489,0.099
109,220,0.043,0.421,0.389,0.185,0.3,0.43,0.574,0.136
109,320,0.099,0.617,0.357,0.15,0.048,0.725,0.468,0.103
109,420,0.097,0.445,0.521,0.2,0.099,0.575,0.59,0.172
109,520,0.039,0.954,0.362,0.165,0.08,0.519,0.627,0.099
109,620,0.05,0.592,0.566,0.271,0.101,0.652,0.616,0.168
109,720,0.113,0.413,0.53,0.213,0.056,0.642,0.629,0.115
109,820,0.085,0.854,0.41,0.151,0.356,0.973,0.522,0.162
109,920,0.286,0.742,0.614,0.172,0.197,0.338,0.53,0.156
109,1020,0.031,0.626,0.6,0.189,0.137,0.332,0.682,0.154
109,1120,0.013,0.54,0.352,0.195,0.035,0.705,0.64,0.102
110,100,0.052,0.631,0.48,0.165,0.168,0.353,0.521,0.1
110,200,0.024,0.514,0.35,0.198,0.157,0.645,0.655,0.1
110,300,0.074,0.601,0.498,0.285,0.059,0.607,0.777,0.15
110,400,0.166,0.683,0.339,0.201,0.063,0.386,0.642,0.1
110,500,0.038,0.462,0.359,0.142,0.174,0.655,0.588,0.095
110,600,0.032,0.496,0.406,0.237,0.11,0.42,0.762,0.117
110,700,0.242,0.221,0.434,0.215,0.28,0.345,0.79,0.116
110,800,0.227,0.456,0.354,0.223,0.231,0.272,0.496,0.096
110,900,0.096,0.383,0.437,0.123,0.112,0.458,0.369,0.134
110,1000,0.103,0.355,0.234,0.185,0.141,0.477,0.563,0.06
110,1100,0.063,0.439,0.655,0.121,0.12,0.266,0.417,0.228
111,80,0.177,0.256,0.402,0.381,0.069,0.505,0.635,0.109
111,180,0.059,0.737,0.437,0.17,0.15,0.391,0.541,0.132
111,280,0.117,0.435,0.353,0.18,0.049,0.254,0.588,0.104
111,380,0.122,0.853,0.282,0.133,0.297,0.129,0.477,0.081
111,480,0.093,0.927,0.35,0.245,0.217,0.416,0.78,0.094
111,580,0.104,0.715,0.511,0.171,0.194,0.511,0.54,0.145
111,680,0.126,0.309,0.402,0.182,0.094,0.658,0.583,0.126
111,780,0.196,0.228,0.28,0.155,0.121,0.749,0.547,0.08
111,880,0.094,0.485,0.524,0.207,0.19,0.248,0.54,0.102
111,980,0.028,1.127,0.432,0.305,0.105,0.467,0.797,0.075
111,1080,0.032,0.777,0.37,0.185,0.044,0.685,0.786,0.122
112,60,0.071,0.555,0.515,0.194,0.1,0.442,0.591,0.142
112,160,0.016,0.756,0.315,0.182,0.132,0.526,0.6,0.148
112,260,0.015,0.932,0.406,0.419,0.115,1.983,1.035,0.148
112,360,0.018,0.837,0.362,0.195,0.095,0.46,0.567,0.074
112,460,0.022,0.794,0.429,0.2,0.196,0.319,0.601,0.164
112,560,0.02,0.975,0.683,0.23,0.038,0.612,0.696,0.147
112,660,0.018,0.849,0.411,0.279,0.044,0.802,0.607,0.09
112,760,0.022,0.919,0.502,0.228,0.073,0.45,0.739,0.145
112,860,0.02,1.319,0.769,0.212,0.125,0.687,0.661,0.16
112,960,0.013,0.937,0.318,0.229,0.215,0.412,0.718,0.136
112,1060,0.015,0.83,0.495,0.221,0.083,0.542,0.885,0.153
113,40,0.038,0.585,0.618,0.209,0.194,0.48,0.627,0.178
113,140,0.035,1.017,0.298,0.263,0.218,0.44,0.703,0.091
113,240,0.059,0.571,0.656,0.217,0.196,0.637,0.759,0.378
113,340,0.042,0.562,0.475,0.216,0.174,0.397,0.602,0.104
113,440,0.013,0.74,0.611,0.151,0.226,0.648,0.472,0.212
113,540,0.014,1.127,0.618,0.149,0.187,0.274,0.532,0.111
113,640,0.014,1.038,0.353,0.223,0.058,0.894,0.64,0.109
113,740,0.138,0.201,0.378,0.167,0.245,0.553,0.567,0.078
113,840,0.024,0.803,0.378,0.195,0.119,0.638,0.655,0.088
113,940,0.017,0.511,0.454,0.216,0.093,0.459,0.612,0.106
113,1040,0.114,0.662,0.4,0.259,0.073,0.681,0.798,0.117
114,20,0.017,0.718,0.482,0.196,0.137,0.485,0.612,0.136
114,120,0.095,0.412,0.371,0.189,0.2,0.257,0.644,0.111
114,220,0.06,0.54,0.336,0.183,0.374,0.767,0.668,0.098
114,320,0.053,0.634,0.358,0.248,0.052,0.456,0.672,0.101
114,420,0.114,0.65,0.537,0.39,0.137,0.268,0.797,0.133
114,520,0.023,0.941,0.422,0.191,0.195,0.512,0.611,0.11
114,620,0.02,0.913,0.502,0.215,0.101,0.219,0.586,0.157
114,720,0.015,1.079,0.348,0.217,0.08,0.528,0.697,0.097
114,820,0.014,0.502,0.45,0.166,0.103,0.451,0.571,0.101
114,920,0.217,0.716,0.326,0.11,0.04,0.436,0.418,0.098
114,1020,0.093,0.686,0.387,0.16,0.223,0.35,0.582,0.102
114,1120,0.16,0.723,0.34,0.175,0.129,0.615,0.623,0.074
115,100,0.023,0.613,0.355,0.164,0.123,0.447,0.541,0.104
115,200,0.148,0.4,0.343,0.194,0.24,0.502,0.738,0.084
115,300,0.191,0.916,0.502,0.141,0.184,0.359,0.523,0.133
115,400,0.056,0.534,0.525,0.177,0.081,0.579,0.672,0.16
115,500,0.067,0.506,0.343,0.176,0.033,0.893,0.613,0.099
115,600,0.023,1.021,0.443,0.19,0.09,0.68,0.714,0.152
115,700,0.114,0.505,0.367,0.165,0.101,0.393,0.555,0.121
115,800,0.124,0.336,0.34,0.179,0.272,0.439,0.56,0.088
115,900,0.084,0.428,0.303,0.1,0.147,0.469,0.352,0.095
115,1000,0.04,0.548,0.628,0.131,0.142,0.419,0.483,0.167
115,1100,0.053,0.736,0.344,0.176,0.146,0.306,0.616,0.104
116,80,0.124,0.594,0.689,0.147,0.254,0.13,0.473,0.165
116,180,0.257,0.468,0.399,0.266,0.246,0.793,0.728,0.12
116,280,0.018,0.989,0.508,0.266,0.04,0.837,0.778,0.199
116,380,0.133,0.603,0.468,0.143,0.147,0.472,0.492,0.126
116,480,0.042,0.754,0.274,0.163,0.091,0.491,0.568,0.081
116,580,0.216,0.263,0.72,0.171,0.096,0.509,0.613,0.156
116,680,0.077,0.454,0.335,0.11,0.076,0.496,0.421,0.1
116,780,0.184,0.827,0.506,0.184,0.119,0.457,0.624,0.145
116,880,0.082,0.491,0.327,0.198,0.061,0.545,0.549,0.095
116,980,0.051,0.328,0.414,0.17,0.337,0.655,0.573,0.118
116,1080,0.16,0.286,0.481,0.152,0.197,0.433,0.515,0.104
117,60,0.081,0.448,0.713,0.159,0.11,0.479,0.611,0.306
117,160,0.124,0.647,0.348,0.158,0.141,0.296,0.51,0.105
117,260,0.065,0.514,0.376,0.123,0.11,0.378,0.464,0.098
117,360,0.147,1.024,0.473,0.132,0.115,0.424,0.509,0.129
117,460,0.144,0.276,0.521,0.146,0.166,0.119,0.51,0.096
117,560,0.038,0.579,0.341,0.212,0.15,0.187,0.683,0.11
117,660,0.086,0.978,0.568,0.17,0.27,0.337,0.592,0.188
117,760,0.064,0.404,0.358,0.22,0.104,0.378,0.792,0.096
117,860,0.291,0.565,0.584,0.172,0.219,0.552,0.54,0.16
117,960,0.135,0.306,0.51,0.21,0.205,0.546,0.685,0.139
117,1060,0.026,0.755,0.501,0.222,0.14,0.429,0.691,0.148
118,40,0.23,0.799,0.331,0.159,0.033,0.288,0.483,0.098
118,140,0.028,0.888,0.34,0.212,0.065,0.63,0.703,0.099
118,240,0.126,0.369,0.54,0.202,0.365,0.4,0.6,0.092
118,340,0.029,0.786,0.304,0.17,0.213,0.447,0.572,0.072
118,440,0.035,0.416,0.353,0.191,0.188,0.583,0.564,0.096
118,540,0.124,0.347,0.351,0.169,0.175,0.217,0.546,0.153
118,640,0.036,0.687,0.551,0.159,0.068,0.69,0.582,0.102
118,740,0.034,0.767,0.364,0.153,0.107,0.326,0.545,0.109
118,840,0.095,0.7,0.334,0.141,0.059,0.329,0.453,0.097
118,940,0.056,1.227,0.551,0.215,0.046,0.25,0.783,0.162
118,1040,0.09,0.876,0.342,0.131,0.359,0.482,0.472,0.173
119,20,0.028,0.744,0.32,0.176,0.208,0.844,0.616,0.11
119,120,0.091,0.407,0.333,0.204,0.23,0.47,0.674,0.105
119,220,0.206,0.382,0.596,0.141,0.235,0.781,0.42,0.105
119,320,0.387,1.035,0.513,0.135,0.118,0.718,0.504,0.137
119,420,0.049,0.623,0.239,0.163,0.111,0.516,0.569,0.067
119,520,0.153,1.157,0.419,0.111,0.126,0.251,0.35,0.14
119,620,0.11,1.077,0.287,0.185,0.082,0.183,0.652,0.07
119,720,0.057,0.546,0.38,0.158,0.082,0.802,0.56,0.178
119,820,0.099,0.815,0.332,0.151,0.111,0.364,0.516,0.092
119,920,0.164,0.78,0.492,0.249,0.13,0.397,0.66,0.124
119,1020,0.159,0.867,0.513,0.182,0.073,0.466,0.524,0.192
119,1120,0.072,0.533,0.386,0.15,0.131,0.339,0.516,0.115
120,100,0.064,0.625,0.315,0.146,0.365,0.413,0.548,0.073
120,200,0.019,0.468,0.473,0.145,0.078,0.532,0.528,0.089
120,300,0.089,0.928,0.494,0.215,0.092,0.636,0.638,0.135
120,400,0.082,0.762,0.35,0.19,0.183,0.247,0.652,0.102
120,500,0.052,0.742,0.349,0.156,0.245,0.752,0.496,0.128
120,600,0.089,0.646,0.386,0.154,0.195,0.332,0.55,0.123
120,700,0.077,0.663,0.364,0.142,0.078,0.449,0.456,0.104
120,800,0.078,0.863,0.326,0.162,0.164,0.281,0.569,0.09
120,900,0.172,0.767,0.339,0.113,0.025,0.6,0.415,0.105
120,1000,0.207,0.639,0.424,0.119,0.188,0.237,0.465,0.115
120,1100,0.08,0.308,0.428,0.147,0.422,0.825,0.532,0.13
121,80,0.118,0.381,0.338,0.163,0.169,0.273,0.628,0.091
121,180,0.039,0.595,0.382,0.145,0.2,0.568,0.56,0.085
121,280,0.048,0.763,0.439,0.186,0.086,0.239,0.623,0.155
121,380,0.133,0.358,0.274,0.176,0.141,0.465,0.62,0.09
121,480,0.024,0.852,0.592,0.175,0.096,0.854,0.561,0.156
121,580,0.069,0.457,0.661,0.141,0.13,0.715,0.503,0.212
121,680,0.055,0.531,0.344,0.149,0.092,0.426,0.528,0.097
121,780,0.118,0.887,0.299,0.152,0.15,0.351,0.609,0.096
121,880,0.077,1.18,0.337,0.15,0.087,0.528,0.544,0.092
121,980,0.124,0.636,0.411,0.168,0.131,0.097,0.476,0.111
121,1080,0.172,0.397,0.427,0.126,0.069,0.378,0.474,0.113
122,60,0.11,0.369,0.581,0.152,0.191,0.302,0.599,0.123
122,160,0.192,0.955,0.323,0.17,0.054,0.559,0.641,0.096
122,260,0.102,0.408,0.463,0.147,0.227,0.429,0.483,0.094
122,360,0.133,0.659,0.287,0.209,0.154,0.197,0.674,0.11
122,460,0.131,0.529,0.419,0.231,0.268,0.348,0.5,0.104
122,560,0.054,0.626,0.266,0.206,0.114,0.441,0.72,0.065
122,660,0.022,0.443,0.414,0.171,0.092,0.432,0.596,0.101
122,760,0.065,0.385,0.353,0.151,0.174,0.386,0.556,0.089
122,860,0.1,0.375,0.473,0.114,0.163,0.448,0.479,0.111
122,960,0.044,0.904,0.33,0.151,0.172,0.258,0.665,0.092
122,1060,0.04,0.459,0.323,0.213,0.133,0.83,0.667,0.077
123,40,0.044,0.686,0.369,0.091,0.185,0.271,0.361,0.089
123,140,0.032,0.885,0.606,0.117,0.086,0.423,0.454,0.146
123,240,0.173,0.445,0.338,0.164,0.193,0.203,0.543,0.097
123,340,0.137,0.927,0.604,0.15,0.131,0.34,0.509,0.18
123,440,0.03,0.601,0.202,0.135,0.177,0.494,0.505,0.054
123,540,0.024,0.684,0.418,0.159,0.069,0.534,0.515,0.113
123,640,0.1,0.4,0.403,0.21,0.059,0.715,0.662,0.13
123,740,0.189,0.536,0.514,0.235,0.165,0.508,0.511,0.157
123,840,0.076,0.809,0.246,0.139,0.154,0.436,0.502,0.061
123,940,0.134,0.338,0.504,0.171,0.159,0.573,0.589,0.11
123,1040,0.2,0.654,0.54,0.149,0.465,0.593,0.64,0.1
124,20,0.015,0.744,0.344,0.144,0.064,0.533,0.491,0.098
124,120,0.174,0.663,0.692,0.174,0.194,0.44,0.467,0.208
124,220,0.033,0.76,0.288,0.163,0.123,0.446,0.51,0.123
124,320,0.035,0.847,0.436,0.14,0.053,0.586,0.519,0.124
124,420,0.232,0.229,0.418,0.105,0.267,0.345,0.405,0.08
124,520,0.059,0.795,0.489,0.21,0.14,0.314,0.556,0.093
124,620,0.114,0.599,0.3,0.176,0.133,0.301,0.579,0.084
124,720,0.053,0.625,0.329,0.197,0.04,0.653,0.678,0.093
124,820,0.138,0.292,0.403,0.141,0.178,0.272,0.529,0.092
124,920,0.19,0.894,0.339,0.141,0.082,0.425,0.532,0.093
124,1020,0.087,0.461,0.416,0.147,0.19,0.238,0.519,0.154
124,1120,0.043,0.512,0.326,0.142,0.076,0.578,0.571,0.072
125,100,0.107,0.77,0.615,0.14,0.149,0.389,0.451,0.19
125,200,0.073,0.66,0.343,0.094,0.063,0.472,0.388,0.102
125,300,0.08,0.132,0.546,0.106,0.335,0.82,0.395,0.128
125,400,0.144,0.209,0.342,0.2,0.105,0.381,0.542,0.076
125,500,0.12,0.377,0.347,0.139,0.149,0.524,0.503,0.103
125,600,0.04,0.456,0.43,0.15,0.078,0.473,0.519,0.12
125,700,0.141,0.297,0.339,0.185,0.181,0.459,0.615,0.134
125,800,0.174,0.767,0.387,0.156,0.261,0.399,0.564,0.089
125,900,0.048,0.884,0.514,0.201,0.077,0.55,0.608,0.136
125,1000,0.136,0.841,0.521,0.141,0.044,0.549,0.502,0.12
125,1100,0.015,1.024,0.324,0.18,0.127,0.242,0.6,0.091
126,80,0.059,0.913,0.458,0.297,0.065,0.547,0.988,0.141
126,180,0.029,1.054,0.409,0.268,0.075,0.521,0.594,0.092
126,280,0.027,1.021,0.372,0.189,0.037,0.737,0.644,0.097
126,380,0.098,0.381,0.347,0.188,0.062,0.58,0.589,0.097
126,480,0.042,0.811,0.66,0.173,0.112,0.356,0.512,0.06
126,580,0.039,0.666,0.367,0.191,0.054,0.657,0.655,0.09
126,680,0.044,0.724,0.444,0.161,0.23,0.304,0.604,0.1
126,780,0.027,0.537,0.331,0.211,0.06,0.602,0.702,0.091
126,880,0.134,0.565,0.417,0.118,0.196,0.321,0.403,0.14
126,980,0.069,0.515,0.254,0.139,0.183,0.431,0.464,0.06
126,1080,0.067,0.697,0.311,0.191,0.205,0.357,0.58,0.081
127,60,0.024,0.785,0.393,0.152,0.045,0.643,0.518,0.114
127,160,0.041,1.235,0.501,0.149,0.047,0.506,0.545,0.147
127,260,0.068,0.514,0.332,0.188,0.102,0.367,0.554,0.092
127,360,0.189,0.224,0.268,0.124,0.287,0.499,0.438,0.072
127,460,0.11,0.459,0.275,0.126,0.221,0.328,0.417,0.061
127,560,0.123,0.706,0.461,0.174,0.104,0.523,0.68,0.125
127,660,0.068,0.306,0.267,0.213,0.353,0.435,0.736,0.094
127,760,0.096,0.233,0.397,0.15,0.102,0.512,0.469,0.106
127,860,0.048,0.676,0.398,0.144,0.118,0.424,0.493,0.089
127,960,0.049,0.667,0.45,0.149,0.081,1.022,0.505,0.163
127,1060,0.034,0.745,0.436,0.153,0.06,0.669,0.538,0.118
128,40,0.1,0.693,0.406,0.134,0.204,0.371,0.488,0.134
128,140,0.033,0.455,0.319,0.147,0.145,0.373,0.422,0.165
128,240,0.072,0.174,0.445,0.111,0.284,0.583,0.444,0.113
128,340,0.176,0.551,0.412,0.148,0.049,0.335,0.457,0.105
128,440,0.096,0.542,0.32,0.11,0.23,0.459,0.411,0.099
128,540,0.027,0.882,0.395,0.227,0.124,0.389,0.638,0.099
128,640,0.065,0.791,0.419,0.182,0.151,0.459,0.576,0.102
128,740,0.032,0.677,0.388,0.137,0.145,0.387,0.532,0.111
128,840,0.044,0.54,0.34,0.148,0.033,0.629,0.515,0.099
128,940,0.053,0.853,0.294,0.171,0.226,0.267,0.591,0.066
128,1040,0.096,0.526,0.402,0.095,0.271,0.227,0.435,0.083
129,20,0.148,0.865,0.326,0.139,0.063,0.581,0.461,0.092
129,120,0.046,0.728,0.611,0.117,0.147,0.457,0.448,0.18
129,220,0.018,0.65,0.335,0.281,0.026,0.664,0.734,0.103
129,320,0.109,0.371,0.371,0.135,0.338,0.676,0.487,0.166
129,420,0.036,0.486,0.384,0.149,0.215,0.912,0.545,0.104
129,520,0.126,0.322,0.384,0.144,0.106,0.413,0.574,0.083
129,620,0.137,0.603,0.384,0.174,0.119,0.563,0.559,0.096
129,720,0.098,0.29,0.302,0.15,0.25,0.611,0.524,0.123
129,820,0.077,0.508,0.399,0.132,0.161,0.313,0.473,0.107
129,920,0.023,0.426,0.331,0.159,0.093,0.655,0.591,0.081
129,1020,0.22,0.736,0.32,0.143,0.051,0.609,0.57,0.09
129,1120,0.098,0.311,0.295,0.14,0.278,0.306,0.478,0.085
130,100,0.084,0.815,0.608,0.11,0.173,0.398,0.415,0.196
130,200,0.239,0.584,0.313,0.124,0.267,0.808,0.484,0.063
130,300,0.086,0.609,0.338,0.135,0.202,0.453,0.498,0.091
130,400,0.11,0.433,0.388,0.187,0.25,0.323,0.534,0.117
130,500,0.364,0.451,0.494,0.096,0.117,0.496,0.354,0.123
130,600,0.237,0.635,0.508,0.167,0.09,0.401,0.537,0.124
130,700,0.068,0.482,0.331,0.157,0.193,0.481,0.691,0.075
130,800,0.123,0.744,0.47,0.13,0.095,0.469,0.474,0.14
130,900,0.051,0.986,0.32,0.139,0.211,0.578,0.583,0.102
130,1000,0.108,0.785,0.418,0.147,0.212,0.381,0.516,0.155
130,1100,0.219,0.595,0.467,0.163,0.087,0.616,0.529,0.114
131,80,0.157,0.497,0.546,0.138,0.164,0.261,0.524,0.121
131,180,0.086,0.601,0.332,0.178,0.217,0.163,0.531,0.089
131,280,0.103,0.515,0.497,0.159,0.068,0.755,0.537,0.145
131,380,0.148,0.781,0.345,0.098,0.175,0.278,0.493,0.09
131,480,0.184,0.83,0.288,0.117,0.184,0.573,0.417,0.074
131,580,0.036,0.823,0.334,0.152,0.064,0.556,0.593,0.092
131,680,0.109,1.039,0.394,0.169,0.093,0.415,0.618,0.088
131,780,0.034,0.992,0.493,0.137,0.09,0.494,0.476,0.143
131,880,0.121,0.266,0.326,0.095,0.033,0.735,0.39,0.09
131,980,0.124,0.381,0.317,0.157,0.156,0.598,0.535,0.072
131,1080,0.159,1.303,0.455,0.165,0.175,0.325,0.53,0.095
132,60,0.08,0.75,0.325,0.102,0.02,0.579,0.355,0.089
132,160,0.081,0.487,0.366,0.144,0.247,0.37,0.475,0.081
132,260,0.084,0.413,0.544,0.104,0.15,0.459,0.436,0.145
132,360,0.091,0.448,0.464,0.153,0.187,0.504,0.532,0.124
132,460,0.041,0.232,0.369,0.146,0.099,0.481,0.551,0.101
132,560,0.042,0.64,0.201,0.146,0.247,0.275,0.521,0.051
132,660,0.063,0.642,0.328,0.13,0.034,0.509,0.501,0.091
132,760,0.095,0.459,0.34,0.156,0.244,0.468,0.531,0.086
132,860,0.105,0.459,0.269,0.126,0.144,0.59,0.5,0.098
132,960,0.071,0.507,0.47,0.21,0.088,0.476,0.682,0.116
132,1060,0.027,0.919,0.412,0.143,0.255,0.831,0.529,0.101
133,40,0.064,0.515,0.473,0.152,0.178,0.389,0.575,0.134
133,140,0.104,0.738,0.287,0.122,0.145,0.412,0.423,0.068
133,240,0.225,0.555,0.257,0.175,0.15,0.429,0.55,0.066
133,340,0.216,0.619,0.355,0.118,0.111,0.351,0.436,0.09
133,440,0.073,0.649,0.48,0.217,0.164,0.511,0.748,0.122
133,540,0.053,0.435,0.36,0.195,0.168,0.387,0.601,0.082
133,640,0.052,0.431,0.296,0.205,0.129,0.302,0.641,0.164
133,740,0.053,0.818,0.541,0.139,0.165,0.677,0.539,0.123
133,840,0.03,0.753,0.474,0.135,0.056,0.465,0.49,0.127
133,940,0.064,0.405,0.372,0.186,0.17,0.316,0.627,0.083
133,1040,0.154,0.585,0.275,0.234,0.132,0.353,0.603,0.076
134,20,0.091,0.638,0.416,0.127,0.184,0.337,0.429,0.103
134,120,0.069,0.538,0.313,0.181,0.17,0.516,0.518,0.077
134,220,0.025,0.866,0.331,0.212,0.074,0.489,0.675,0.091
134,320,0.082,0.493,0.424,0.126,0.118,0.31,0.408,0.126
134,420,0.029,0.864,0.335,0.184,0.103,0.396,0.547,0.087
134,520,0.046,0.628,0.308,0.145,0.202,0.413,0.586,0.082
134,620,0.019,0.621,0.367,0.14,0.07,0.586,0.513,0.088
134,720,0.059,0.409,0.307,0.143,0.11,0.386,0.528,0.084
134,820,0.101,0.48,0.447,0.094,0.091,0.516,0.371,0.118
134,920,0.107,0.726,0.45,0.116,0.112,0.539,0.444,0.103
134,1020,0.273,0.57,0.243,0.167,0.178,0.42,0.437,0.082
134,1120,0.064,0.519,0.289,0.139,0.151,0.516,0.525,0.07
135,100,0.064,0.326,0.356,0.144,0.172,0.735,0.498,0.083
135,200,0.019,0.593,0.467,0.133,0.111,0.569,0.482,0.096
135,300,0.096,0.433,0.258,0.128,0.098,0.569,0.481,0.083
135,400,0.015,1.056,0.451,0.152,0.209,0.471,0.529,0.118
135,500,0.058,0.319,0.41,0.151,0.167,0.673,0.539,0.109
135,600,0.033,0.903,0.332,0.143,0.081,0.503,0.518,0.075
135,700,0.041,0.578,0.436,0.152,0.211,0.637,0.529,0.068
135,800,0.032,0.832,0.328,0.162,0.106,0.596,0.563,0.086
135,900,0.031,0.6,0.44,0.185,0.137,0.293,0.589,0.098
135,1000,0.106,0.366,0.318,0.14,0.229,0.568,0.487,0.1
135,1100,0.274,0.235,0.402,0.141,0.216,0.393,0.48,0.078
136,80,0.182,0.56,0.335,0.146,0.065,0.414,0.517,0.087
136,180,0.116,0.594,0.291,0.139,0.21,0.482,0.408,0.07
136,280,0.166,0.798,0.459,0.099,0.171,0.546,0.39,0.093
136,380,0.054,0.601,0.343,0.162,0.118,0.414,0.509,0.088
136,480,0.235,0.821,0.196,0.12,0.166,0.334,0.492,0.054
136,580,0.045,0.695,0.334,0.145,0.044,0.585,0.513,0.089
136,680,0.167,0.65,0.333,0.192,0.09,0.459,0.488,0.089
136,780,0.047,0.598,0.28,0.139,0.216,0.591,0.5,0.065
136,880,0.157,0.412,0.322,0.101,0.156,0.366,0.351,0.086
136,980,0.058,0.627,0.486,0.201,0.108,0.276,0.671,0.08
136,1080,0.061,0.698,0.411,0.161,0.102,0.482,0.554,0.114
137,60,0.044,0.617,0.213,0.13,0.311,0.341,0.487,0.057
137,160,0.066,0.583,0.361,0.135,0.185,0.432,0.522,0.091
137,260,0.04,0.876,0.24,0.226,0.224,0.521,0.593,0.058
137,360,0.194,0.774,0.46,0.12,0.171,0.326,0.423,0.121
137,460,0.259,0.564,0.369,0.112,0.253,0.402,0.405,0.079
137,560,0.124,0.706,0.278,0.131,0.143,0.387,0.49,0.075
137,660,0.133,0.444,0.422,0.162,0.265,0.531,0.585,0.096
137,760,0.101,1.028,0.42,0.134,0.2,0.474,0.514,0.153
137,860,0.027,0.919,0.525,0.156,0.098,0.335,0.527,0.123
137,960,0.173,0.449,0.338,0.147,0.121,0.336,0.457,0.091
137,1060,0.203,0.917,0.339,0.118,0.042,0.297,0.43,0.089
138,40,0.134,0.432,0.338,0.099,0.218,0.356,0.36,0.077
138,140,0.112,0.577,0.281,0.149,0.181,0.432,0.461,0.057
138,240,0.086,0.661,0.313,0.173,0.329,0.193,0.596,0.08
138,340,0.092,0.314,0.425,0.18,0.152,0.668,0.655,0.086
138,440,0.191,0.501,0.318,0.16,0.105,0.405,0.534,0.078
138,540,0.057,0.538,0.377,0.162,0.15,0.527,0.484,0.073
138,640,0.402,0.701,0.407,0.233,0.187,0.197,0.602,0.109
138,740,0.177,0.66,0.344,0.144,0.141,0.405,0.475,0.079
138,840,0.048,0.646,0.437,0.149,0.119,0.637,0.553,0.113
138,940,0.133,0.254,0.383,0.176,0.144,0.479,0.551,0.098
138,1040,0.04,0.66,0.307,0.131,0.162,0.515,0.488,0.083
139,20,0.086,0.428,0.354,0.131,0.104,0.45,0.507,0.08
139,120,0.075,0.507,0.431,0.129,0.115,0.643,0.476,0.107
139,220,0.11,0.798,0.249,0.123,0.343,0.659,0.428,0.066
139,320,0.081,0.451,0.353,0.143,0.144,0.191,0.51,0.079
139,420,0.038,0.668,0.493,0.19,0.111,0.38,0.614,0.114
139,520,0.126,0.393,0.489,0.113,0.205,0.246,0.408,0.105
139,620,0.051,0.615,0.36,0.162,0.079,0.533,0.468,0.091
139,720,0.196,0.578,0.58,0.17,0.186,0.648,0.557,0.155
139,820,0.137,0.558,0.245,0.114,0.215,0.35,0.387,0.058
139,920,0.085,0.612,0.328,0.164,0.047,0.767,0.457,0.087
139,1020,0.033,1.019,0.257,0.105,0.246,0.275,0.415,0.062
139,1120,0.125,0.385,0.306,0.134,0.191,0.481,0.394,0.142
140,100,0.068,0.605,0.285,0.133,0.227,0.475,0.509,0.079
140,200,0.029,0.733,0.342,0.134,0.064,0.66,0.493,0.096
140,300,0.058,0.667,0.339,0.103,0.057,0.466,0.391,0.09
140,400,0.021,0.8,0.229,0.129,0.223,0.521,0.514,0.059
140,500,0.199,0.58,0.32,0.087,0.126,0.514,0.31,0.098
140,600,0.023,0.95,0.473,0.154,0.071,0.494,0.526,0.131
140,700,0.041,0.876,0.334,0.229,0.085,0.521,0.504,0.087
140,800,0.105,0.99,0.379,0.174,0.12,0.408,0.574,0.077
140,900,0.03,0.798,0.346,0.149,0.03,0.711,0.562,0.088
140,1000,0.064,0.529,0.357,0.144,0.107,0.399,0.568,0.07
140,1100,0.076,0.479,0.36,0.131,0.065,0.673,0.491,0.082
141,80,0.19,0.59,0.464,0.13,0.069,0.254,0.489,0.114
141,180,0.043,0.609,0.458,0.15,0.232,0.609,0.536,0.158
141,280,0.13,0.518,0.345,0.116,0.236,0.265,0.383,0.074
141,380,0.178,0.445,0.289,0.182,0.108,0.471,0.393,0.084
141,480,0.237,0.818,0.328,0.132,0.108,0.375,0.45,0.091
141,580,0.033,0.27,0.341,0.262,0.027,0.133,0.525,0.079
141,680,0.102,0.256,0.328,0.129,0.089,0.427,0.477,0.089
141,780,0.123,0.507,0.392,0.14,0.166,0.43,0.52,0.1
141,880,0.222,0.569,0.339,0.095,0.222,0.492,0.344,0.092
141,980,0.065,0.562,0.305,0.16,0.098,0.467,0.548,0.089
141,1080,0.117,0.658,0.322,0.168,0.041,0.635,0.445,0.09
142,60,0.237,0.93,0.378,0.168,0.211,0.441,0.39,0.094
142,160,0.073,0.529,0.425,0.155,0.2,0.613,0.588,0.136
142,260,0.168,0.686,0.312,0.101,0.16,0.554,0.383,0.072
142,360,0.101,0.44,0.337,0.144,0.323,0.381,0.456,0.078
142,460,0.283,0.791,0.232,0.155,0.282,0.356,0.423,0.059
142,560,0.195,0.992,0.472,0.104,0.249,0.489,0.336,0.135
142,660,0.103,0.813,0.198,0.151,0.233,0.455,0.499,0.056
142,760,0.084,0.471,0.308,0.141,0.069,0.698,0.548,0.08
142,860,0.043,0.616,0.326,0.131,0.066,0.427,0.509,0.08
142,960,0.053,0.673,0.333,0.138,0.073,0.478,0.487,0.091
142,1060,0.299,0.461,0.372,0.191,0.211,0.534,0.487,0.082
143,40,0.083,0.586,0.227,0.149,0.286,0.44,0.566,0.064
143,140,0.044,0.785,0.211,0.183,0.101,0.424,0.683,0.076
143,240,0.089,0.573,0.444,0.143,0.134,0.406,0.442,0.133
143,340,0.055,0.527,0.444,0.134,0.137,0.523,0.508,0.113
143,440,0.176,0.768,0.33,0.24,0.048,0.859,0.617,0.086
143,540,0.079,0.517,0.36,0.15,0.157,0.462,0.491,0.103
143,640,0.028,0.621,0.527,0.145,0.097,0.435,0.545,0.118
143,740,0.098,0.487,0.282,0.171,0.217,0.318,0.557,0.085
143,840,0.027,0.731,0.233,0.146,0.203,0.452,0.533,0.07
143,940,0.051,0.549,0.323,0.144,0.078,0.479,0.555,0.09
143,1040,0.082,0.634,0.393,0.182,0.159,0.524,0.611,0.147
144,20,0.133,0.567,0.288,0.133,0.249,0.257,0.466,0.072
144,120,0.128,0.575,0.327,0.103,0.08,0.432,0.376,0.091
144,220,0.07,0.538,0.301,0.181,0.055,0.56,0.626,0.087
144,320,0.18,0.768,0.302,0.114,0.307,0.436,0.479,0.066
144,420,0.046,0.731,0.4,0.143,0.189,0.509,0.474,0.103
144,520,0.057,0.661,0.384,0.133,0.203,0.447,0.485,0.075
144,620,0.043,0.908,0.348,0.105,0.055,0.547,0.408,0.081
144,720,0.041,0.627,0.322,0.148,0.099,0.333,0.531,0.089
144,820,0.046,0.694,0.436,0.141,0.154,0.453,0.504,0.098
144,920,0.16,0.862,0.238,0.119,0.162,0.345,0.412,0.073
144,1020,0.093,0.649,0.325,0.168,0.035,0.594,0.493,0.085
144,1120,0.204,0.781,0.464,0.135,0.1,0.438,0.491,0.117
145,100,0.081,0.533,0.322,0.21,0.051,0.397,0.52,0.09
145,200,0.078,0.619,0.488,0.136,0.231,0.601,0.5,0.153
145,300,0.045,0.634,0.261,0.17,0.113,0.459,0.596,0.085
145,400,0.156,0.418,0.342,0.122,0.058,0.409,0.4,0.085
145,500,0.142,0.566,0.316,0.126,0.202,0.274,0.461,0.069
145,600,0.051,0.513,0.312,0.159,0.074,0.493,0.556,0.077
145,700,0.058,0.556,0.328,0.144,0.198,0.753,0.543,0.076
145,800,0.087,0.578,0.304,0.129,0.278,0.627,0.504,0.083
145,900,0.052,0.577,0.238,0.13,0.151,0.504,0.493,0.083
145,1000,0.192,0.626,0.315,0.123,0.177,0.216,0.384,0.084
145,1100,0.053,0.607,0.451,0.139,0.114,0.415,0.532,0.112
146,80,0.026,0.697,0.361,0.125,0.042,0.592,0.495,0.092
146,180,0.109,0.348,0.382,0.143,0.219,0.399,0.446,0.112
146,280,0.05,0.567,0.383,0.136,0.106,0.452,0.5,0.076
146,380,0.137,0.515,0.345,0.147,0.079,0.46,0.441,0.093
146,480,0.048,0.506,0.413,0.103,0.149,0.545,0.41,0.093
146,580,0.061,0.504,0.331,0.144,0.06,0.298,0.503,0.086
146,680,0.06,1.013,0.272,0.169,0.349,0.265,0.599,0.067
146,780,0.136,0.702,0.277,0.091,0.121,0.453,0.384,0.07
146,880,0.107,0.36,0.312,0.139,0.376,0.638,0.483,0.074
146,980,0.035,0.668,0.411,0.122,0.067,0.524,0.47,0.112
146,1080,0.159,0.646,0.239,0.141,0.137,0.536,0.492,0.069
147,60,0.079,0.446,0.484,0.127,0.093,0.478,0.473,0.115
147,160,0.053,0.833,0.27,0.142,0.248,0.598,0.488,0.071
147,260,0.124,0.603,0.309,0.105,0.273,0.543,0.329,0.064
147,360,0.042,0.636,0.321,0.146,0.074,0.456,0.51,0.086
147,460,0.047,0.749,0.322,0.17,0.279,0.411,0.575,0.08
147,560,0.019,0.818,0.275,0.126,0.14,0.474,0.484,0.069
147,660,0.054,0.906,0.26,0.141,0.177,0.514,0.492,0.056
147,760,0.18,0.728,0.322,0.127,0.085,0.425,0.47,0.087
147,860,0.023,0.763,0.336,0.136,0.081,0.64,0.519,0.088
147,960,0.227,1.072,0.244,0.121,0.102,0.389,0.436,0.075
147,1060,0.042,0.651,0.425,0.144,0.084,0.358,0.529,0.1
148,40,0.036,0.61,0.306,0.137,0.076,0.565,0.524,0.078
148,140,0.026,0.758,0.405,0.132,0.044,0.659,0.506,0.107
148,240,0.077,0.852,0.271,0.125,0.137,0.522,0.482,0.072
148,340,0.037,0.498,0.489,0.129,0.082,0.486,0.505,0.113
148,440,0.105,0.805,0.225,0.167,0.105,0.368,0.523,0.054
148,540,0.204,0.794,0.378,0.109,0.154,0.442,0.339,0.115
148,640,0.063,0.548,0.253,0.133,0.202,0.654,0.494,0.069
148,740,0.115,0.364,0.327,0.132,0.188,0.389,0.449,0.068
148,840,0.056,0.598,0.4,0.136,0.248,0.493,0.482,0.131
148,940,0.041,0.609,0.31,0.132,0.082,0.313,0.496,0.077
148,1040,0.213,0.65,0.338,0.109,0.075,0.454,0.388,0.089
149,20,0.22,0.556,0.325,0.142,0.111,0.392,0.44,0.081
149,120,0.028,0.647,0.29,0.149,0.313,0.653,0.476,0.088
149,220,0.074,0.419,0.322,0.149,0.06,0.471,0.469,0.09
149,320,0.071,0.583,0.317,0.199,0.058,0.524,0.611,0.086
149,420,0.166,0.426,0.467,0.167,0.087,0.46,0.522,0.113
149,520,0.15,0.524,0.392,0.135,0.134,0.574,0.396,0.096
149,620,0.137,0.425,0.504,0.189,0.254,0.415,0.67,0.141
149,720,0.05,0.587,0.419,0.141,0.089,0.439,0.514,0.11
149,820,0.027,0.72,0.28,0.13,0.218,0.675,0.543,0.07
149,920,0.029,0.917,0.324,0.176,0.06,0.521,0.603,0.085
149,1020,0.247,0.863,0.458,0.115,0.156,0.478,0.44,0.143
149,1120,0.137,0.724,0.373,0.16,0.205,0.724,0.428,0.09
150,100,0.048,0.609,0.304,0.13,0.077,0.404,0.493,0.078
150,200,0.05,0.577,0.423,0.134,0.2,0.612,0.523,0.11
150,300,0.087,0.47,0.33,0.144,0.047,0.597,0.529,0.093
150,400,0.035,0.545,0.311,0.13,0.085,0.408,0.481,0.086
150,500,0.052,0.582,0.292,0.127,0.143,0.438,0.483,0.07
150,600,0.127,0.447,0.473,0.124,0.062,0.585,0.462,0.116
150,700,0.233,0.503,0.328,0.149,0.086,0.413,0.482,0.091
150,800,0.167,0.542,0.384,0.172,0.12,0.532,0.424,0.123
150,900,0.031,0.736,0.345,0.193,0.058,0.528,0.623,0.088
150,1000,0.025,0.91,0.371,0.1,0.064,0.507,0.38,0.088
150,1100,0.11,0.72,0.278,0.116,0.188,0.515,0.393,0.061
35,100,0.292,1.431,0.281,0.223,0.112,0.444,0.735,0.077
35,200,0.035,0.851,0.284,0.152,0.55,0.779,0.602,0.115
35,300,0.161,0.353,0.533,0.169,0.189,0.528,0.657,0.088
35,400,0.05,0.553,0.489,0.214,0.159,0.35,0.769,0.101
35,500,0.035,0.878,0.758,0.184,0.164,0.465,0.607,0.137
35,600,0.043,0.478,0.527,0.209,0.215,0.411,0.647,0.098
35,700,0.027,0.89,0.485,0.145,0.148,0.186,0.522,0.166
35,800,0.195,0.779,0.464,0.167,0.149,0.167,0.667,0.108
35,900,0.029,0.91,0.421,0.158,0.343,0.837,0.624,0.095
35,1000,0.094,0.303,0.601,0.13,0.223,0.507,0.465,0.129
35,1100,0.041,0.971,0.342,0.277,0.07,0.572,0.909,0.155
36,80,0.074,0.992,0.694,0.147,0.174,0.351,0.573,0.114
36,180,0.19,1.52,0.359,0.181,0.145,0.404,0.622,0.105
36,280,0.094,0.52,0.508,0.142,0.074,0.551,0.525,0.14
36,380,0.143,0.347,0.47,0.135,0.21,0.569,0.566,0.12
36,480,0.073,0.902,0.64,0.19,0.11,0.463,0.675,0.12
36,580,0.18,0.593,0.559,0.224,0.095,0.866,0.591,0.097
36,680,0.036,0.748,0.335,0.237,0.029,0.993,0.722,0.089
36,780,0.027,0.423,0.234,0.178,0.17,0.453,0.616,0.064
36,880,0.199,1.438,0.485,0.194,0.149,0.328,0.65,0.125
36,980,0.102,0.297,0.366,0.123,0.313,0.235,0.452,0.1
36,1080,0.039,0.943,0.273,0.104,0.196,0.508,0.45,0.08
37,60,0.157,0.558,0.327,0.168,0.141,0.356,0.539,0.098
37,160,0.138,0.414,0.333,0.312,0.059,0.475,0.779,0.096
37,260,0.07,1.003,0.504,0.147,0.132,1.105,0.658,0.097
37,360,0.144,1.083,0.808,0.239,0.125,0.448,0.745,0.201
37,460,0.056,0.446,0.354,0.145,0.2,0.473,0.564,0.091
37,560,0.049,0.661,0.336,0.118,0.052,0.244,0.425,0.113
37,660,0.128,0.89,0.572,0.144,0.095,0.6,0.593,0.193
37,760,0.03,0.69,0.422,0.171,0.107,0.458,0.542,0.093
37,860,0.093,0.472,0.479,0.145,0.185,0.392,0.607,0.072
37,960,0.11,1.195,0.356,0.143,0.144,0.308,0.545,0.098
37,1060,0.153,0.284,0.781,0.216,0.177,0.341,0.721,0.182
38,40,0.238,0.758,0.321,0.139,0.1,0.164,0.542,0.096
38,140,0.082,0.506,0.444,0.199,0.277,0.549,0.602,0.113
38,240,0.209,0.31,0.517,0.12,0.249,0.717,0.478,0.131
38,340,0.024,0.849,0.405,0.182,0.032,0.986,0.84,0.156
38,440,0.074,0.289,0.293,0.149,0.222,0.521,0.569,0.074
38,540,0.062,0.578,0.394,0.233,0.095,0.356,0.647,0.073
38,640,0.04,0.426,0.507,0.169,0.273,0.734,0.629,0.116
38,740,0.223,0.767,0.383,0.153,0.196,0.232,0.643,0.094
38,840,0.049,1.084,0.426,0.157,0.112,0.495,0.571,0.166
38,940,0.024,0.854,0.511,0.135,0.354,0.586,0.5,0.162
38,1040,0.294,0.697,0.321,0.194,0.097,0.437,0.685,0.09
39,20,0.072,0.573,0.386,0.181,0.256,0.199,0.668,0.097
39,120,0.103,0.482,0.321,0.25,0.149,0.281,0.776,0.088
39,220,0.037,0.593,0.339,0.182,0.046,0.64,0.592,0.099
39,320,0.364,0.773,0.277,0.148,0.163,0.126,0.512,0.093
39,420,0.246,0.251,0.478,0.124,0.216,0.253,0.404,0.138
39,520,0.118,0.589,0.339,0.089,0.096,0.414,0.332,0.109
39,620,0.071,0.265,0.479,0.137,0.21,0.302,0.642,0.125
39,720,0.235,0.807,0.326,0.127,0.105,0.374,0.463,0.093
39,820,0.098,0.411,0.515,0.154,0.123,0.408,0.541,0.123
39,920,0.06,0.634,0.325,0.123,0.057,0.64,0.42,0.1
39,1020,0.133,0.252,0.503,0.17,0.155,0.448,0.688,0.114
39,1120,0.127,0.745,0.286,0.114,0.242,0.584,0.448,0.081
40,100,0.067,0.397,0.369,0.175,0.177,0.336,0.57,0.099
40,200,0.053,0.266,0.644,0.154,0.19,0.387,0.427,0.213
40,300,0.068,0.408,0.295,0.141,0.166,0.587,0.539,0.075
40,400,0.099,0.808,0.597,0.151,0.276,1.109,0.557,0.118
40,500,0.082,0.943,0.332,0.132,0.165,0.261,0.557,0.101
40,600,0.029,0.805,0.5,0.149,0.091,0.602,0.51,0.124
40,700,0.022,0.929,0.354,0.17,0.053,0.454,0.508,0.093
40,800,0.299,1.154,0.405,0.159,0.341,0.706,0.438,0.11
40,900,0.188,0.274,0.433,0.182,0.303,0.801,0.494,0.139
40,1000,0.25,0.613,0.295,0.114,0.243,0.181,0.493,0.1
40,1100,0.126,0.384,0.538,0.146,0.105,0.258,0.532,0.158
41,80,0.348,1.142,0.398,0.134,0.148,0.315,0.509,0.084
41,180,0.067,0.811,0.597,0.115,0.054,0.424,0.482,0.169
41,280,0.051,0.583,0.339,0.139,0.067,0.537,0.484,0.126
41,380,0.102,0.414,0.364,0.133,0.263,0.33,0.534,0.085
41,480,0.063,0.316,0.527,0.143,0.215,0.615,0.491,0.143
41,580,0.261,0.352,0.626,0.125,0.063,0.257,0.616,0.096
41,680,0.109,0.276,0.397,0.091,0.078,0.195,0.358,0.112
41,780,0.12,0.465,0.328,0.105,0.037,0.62,0.414,0.099
41,880,0.036,0.619,0.353,0.158,0.21,0.211,0.559,0.111
41,980,0.086,0.816,0.321,0.171,0.138,0.21,0.578,0.073
41,1080,0.207,0.249,0.31,0.147,0.158,0.246,0.577,0.068
42,60,0.185,0.75,0.291,0.186,0.312,0.274,0.553,0.075
42,160,0.328,0.705,0.537,0.116,0.134,0.708,0.363,0.135
42,260,0.211,0.605,0.481,0.151,0.144,0.423,0.498,0.207
42,360,0.53,1.285,0.376,0.12,0.032,0.423,0.525,0.101
42,460,0.305,0.809,0.54,0.237,0.107,0.239,0.585,0.146
42,560,0.21,0.614,0.547,0.138,0.145,0.489,0.398,0.103
42,660,0.204,1.012,0.69,0.184,0.218,0.254,0.615,0.191
42,760,0.249,0.628,0.559,0.164,0.12,0.42,0.554,0.2
42,860,0.14,0.518,0.422,0.139,0.42,0.095,0.674,0.083
42,960,0.022,0.95,0.466,0.171,0.055,0.46,0.507,0.126
42,1060,0.256,0.28,0.741,0.111,0.213,0.302,0.395,0.144
43,40,0.072,0.598,0.321,0.148,0.101,0.412,0.558,0.096
43,140,0.145,0.769,0.344,0.131,0.227,0.165,0.558,0.066
43,240,0.139,0.342,0.321,0.13,0.045,0.387,0.499,0.092
43,340,0.08,0.711,0.328,0.158,0.133,0.49,0.517,0.119
43,440,0.164,0.37,0.329,0.149,0.039,0.47,0.48,0.09
43,540,0.081,0.691,0.318,0.156,0.223,0.179,0.577,0.097
43,640,0.382,0.27,0.253,0.24,0.256,0.163,0.594,0.101
43,740,0.069,0.498,0.387,0.135,0.077,0.637,0.476,0.077
43,840,0.084,0.599,0.321,0.156,0.051,0.744,0.537,0.097
43,940,0.033,0.529,0.37,0.148,0.324,0.309,0.549,0.084
43,1040,0.082,1.176,0.501,0.142,0.111,0.585,0.535,0.114
44,20,0.104,0.325,0.283,0.165,0.152,0.347,0.462,0.126
44,120,0.085,0.28,0.476,0.148,0.311,0.832,0.49,0.133
44,220,0.145,0.428,0.343,0.135,0.266,0.374,0.466,0.101
44,320,0.054,0.709,0.358,0.179,0.022,0.99,0.591,0.124
44,420,0.148,0.421,0.566,0.114,0.105,0.245,0.426,0.143
44,520,0.082,0.609,0.44,0.144,0.096,0.497,0.55,0.103
44,620,0.158,0.462,0.625,0.226,0.304,0.514,0.649,0.119
44,720,0.15,0.566,0.473,0.161,0.195,0.37,0.61,0.153
44,820,0.193,0.491,0.368,0.149,0.257,0.124,0.433,0.094
44,920,0.103,0.582,0.347,0.198,0.051,0.475,0.684,0.088
44,1020,0.167,0.354,0.326,0.12,0.17,0.771,0.374,0.106
44,1120,0.165,0.378,0.347,0.131,0.14,0.321,0.469,0.091
45,100,0.068,0.32,0.329,0.151,0.048,0.576,0.521,0.091
45,200,0.325,0.661,0.442,0.137,0.106,0.319,0.48,0.109
45,300,0.038,0.648,0.55,0.144,0.193,0.377,0.458,0.131
45,400,0.115,0.471,0.891,0.162,0.184,0.427,0.551,0.169
45,500,0.191,0.711,0.362,0.13,0.156,0.236,0.44,0.116
45,600,0.055,0.615,0.586,0.145,0.148,0.312,0.469,0.205
45,700,0.108,0.876,0.331,0.183,0.069,0.476,0.552,0.092
45,800,0.17,0.247,0.526,0.108,0.284,0.31,0.388,0.119
45,900,0.076,0.569,0.333,0.153,0.055,0.579,0.552,0.097
45,1000,0.111,0.706,0.242,0.131,0.112,0.404,0.411,0.056
45,1100,0.049,0.75,0.535,0.148,0.11,0.766,0.548,0.126
46,80,0.112,0.368,0.388,0.455,0.092,0.466,0.633,0.109
46,180,0.116,0.375,0.4,0.205,0.214,0.497,0.584,0.156
46,280,0.077,0.49,0.546,0.173,0.098,0.813,0.584,0.159
46,380,0.1,0.632,0.378,0.228,0.28,0.131,0.359,0.093
46,480,0.11,0.417,0.353,0.16,0.266,0.66,0.582,0.234
46,580,0.345,0.096,0.426,0.155,0.257,0.701,0.531,0.124
46,680,0.216,0.263,0.385,0.17,0.054,0.193,0.517,0.121
46,780,0.081,0.939,0.283,0.163,0.143,0.332,0.5,0.102
46,880,0.042,0.707,0.439,0.216,0.251,0.693,0.707,0.093
46,980,0.028,0.679,0.426,0.181,0.157,0.416,0.513,0.123
46,1080,0.131,0.911,0.485,0.121,0.105,0.831,0.39,0.163
47,60,0.059,0.321,0.215,0.16,0.118,0.32,0.596,0.089
47,160,0.103,0.974,0.343,0.231,0.155,0.334,0.731,0.095
47,260,0.044,0.748,0.507,0.195,0.081,0.55,0.531,0.165
47,360,0.143,0.376,0.455,0.254,0.16,0.375,0.791,0.091
47,460,0.054,0.614,0.45,0.213,0.194,0.278,0.638,0.108
47,560,0.206,0.949,0.391,0.152,0.243,0.194,0.577,0.089
47,660,0.235,0.489,0.363,0.098,0.208,0.154,0.372,0.093
47,760,0.037,0.641,0.445,0.139,0.163,0.655,0.478,0.083
47,860,0.063,0.976,0.423,0.166,0.123,0.572,0.589,0.099
47,960,0.094,1.021,0.421,0.218,0.064,0.362,0.681,0.128
47,1060,0.031,0.951,0.314,0.242,0.05,0.613,0.995,0.096
48,40,0.033,0.865,0.503,0.184,0.112,0.534,0.612,0.081
48,140,0.02,1.113,0.803,0.305,0.07,0.769,0.747,0.227
48,240,0.014,1.058,0.343,0.245,0.03,0.792,0.683,0.1
48,340,0.028,0.581,0.332,0.179,0.036,0.602,0.881,0.098
48,440,0.06,1.059,0.379,0.237,0.149,0.286,0.901,0.11
48,540,0.057,0.544,0.952,0.166,0.046,0.422,0.517,0.402
48,640,0.137,0.297,0.29,0.132,0.094,0.492,0.525,0.067
48,740,0.017,0.939,0.397,0.199,0.103,0.23,0.759,0.082
48,840,0.139,0.348,0.315,0.165,0.106,0.314,0.555,0.098
48,940,0.08,0.786,0.347,0.181,0.221,0.364,0.486,0.133
48,1040,0.054,0.985,0.388,0.168,0.14,0.296,0.53,0.127
49,20,0.063,0.626,0.38,0.129,0.117,0.369,0.386,0.078
49,120,0.101,0.623,0.424,0.159,0.107,0.369,0.554,0.15
49,220,0.204,0.33,0.37,0.146,0.1,0.27,0.445,0.101
49,320,0.226,0.177,0.376,0.159,0.216,0.682,0.626,0.13
49,420,0.117,0.715,0.559,0.094,0.218,0.47,0.407,0.11
49,520,0.087,0.541,0.332,0.143,0.131,0.474,0.48,0.104
49,620,0.216,0.186,0.36,0.163,0.236,0.334,0.579,0.135
49,720,0.155,0.884,0.293,0.223,0.184,0.397,0.603,0.096
49,820,0.061,0.575,0.328,0.155,0.146,0.457,0.487,0.093
49,920,0.185,0.681,0.387,0.128,0.094,0.455,0.443,0.137
49,1020,0.098,0.403,0.342,0.14,0.053,0.751,0.531,0.085
49,1120,0.072,0.525,0.263,0.23,0.147,0.37,0.605,0.093
50,100,0.102,0.695,0.43,0.164,0.03,0.212,0.607,0.114
50,200,0.02,0.906,0.596,0.134,0.226,0.416,0.467,0.184
50,300,0.109,0.517,0.426,0.132,0.146,0.746,0.516,0.119
50,400,0.101,0.485,0.378,0.155,0.124,0.424,0.608,0.094
50,500,0.109,0.363,0.414,0.154,0.153,0.411,0.57,0.134
50,600,0.026,1.055,1.119,0.18,0.168,0.543,0.556,0.096
50,700,0.093,0.613,0.282,0.099,0.187,0.492,0.466,0.073
50,800,0.047,0.916,0.283,0.166,0.091,0.566,0.577,0.073
50,900,0.048,0.527,0.495,0.169,0.11,0.378,0.521,0.152
50,1000,0.032,0.668,0.339,0.153,0.122,0.334,0.485,0.114
50,1100,0.156,0.256,0.307,0.135,0.069,0.54,0.462,0.097
51,80,0.059,0.366,0.387,0.197,0.146,0.394,0.638,0.109
51,180,0.068,0.755,0.515,0.155,0.064,0.165,0.466,0.158
51,280,0.059,0.726,0.266,0.178,0.162,0.517,0.584,0.06
51,380,0.196,0.336,0.422,0.118,0.175,0.339,0.472,0.108
51,480,0.259,0.179,0.347,0.152,0.024,0.765,0.44,0.093
51,580,0.152,0.421,0.325,0.139,0.215,0.433,0.556,0.094
51,680,0.142,0.314,0.335,0.137,0.064,0.512,0.488,0.126
51,780,0.166,0.287,0.22,0.183,0.338,0.425,0.568,0.061
51,880,0.151,0.254,0.344,0.183,0.123,0.528,0.502,0.092
51,980,0.221,0.553,0.235,0.095,0.147,0.329,0.32,0.096
51,1080,0.179,0.252,0.393,0.141,0.181,0.483,0.389,0.092
52,60,0.177,0.201,0.38,0.194,0.101,0.387,0.64,0.103
52,160,0.229,0.7,0.321,0.147,0.334,0.735,0.435,0.078
52,260,0.034,0.401,0.381,0.149,0.101,0.789,0.522,0.103
52,360,0.056,0.619,0.598,0.336,0.195,0.58,0.659,0.12
52,460,0.078,0.637,0.685,0.184,0.19,0.465,0.584,0.115
52,560,0.109,0.405,0.317,0.226,0.022,0.707,0.762,0.087
52,660,0.216,0.201,0.291,0.191,0.258,0.605,0.536,0.102
52,760,0.211,0.203,0.472,0.942,0.109,0.354,0.703,0.112
52,860,0.166,0.361,0.326,0.196,0.255,0.428,0.741,0.108
52,960,0.097,0.511,0.559,0.211,0.124,0.465,0.763,0.184
52,1060,0.123,1.425,0.743,0.228,0.16,0.352,0.611,0.121
53,40,0.129,0.36,0.466,0.209,0.336,0.989,0.61,0.123
53,140,0.102,0.592,0.341,0.213,0.038,0.705,0.561,0.101
53,240,0.1,0.659,0.677,0.121,0.219,0.506,0.405,0.144
53,340,0.123,0.445,0.323,0.194,0.234,0.804,0.539,0.118
53,440,0.048,0.388,0.336,0.179,0.045,0.725,0.545,0.092
53,540,0.12,0.989,0.301,0.171,0.222,0.29,0.57,0.072
53,640,0.146,1.16,0.396,0.301,0.079,0.459,0.624,0.094
53,740,0.1,0.603,0.374,0.488,0.044,0.128,0.974,0.101
53,840,0.083,0.488,0.303,0.198,0.282,0.685,0.629,0.085
53,940,0.122,0.312,0.42,0.198,0.226,0.239,0.55,0.125
53,1040,0.037,0.317,0.426,0.128,0.168,0.498,0.423,0.133
54,20,0.071,0.901,0.347,0.243,0.066,0.72,0.856,0.084
54,120,0.038,0.408,0.337,0.185,0.077,0.241,0.695,0.092
54,220,0.192,0.423,0.36,0.196,0.208,0.396,0.632,0.089
54,320,0.093,0.416,0.33,0.149,0.112,0.378,0.578,0.088
54,420,0.124,0.526,0.601,0.188,0.312,0.221,0.595,0.101
54,520,0.138,0.374,0.347,0.167,0.247,0.314,0.514,0.078
54,620,0.078,0.173,0.263,0.109,0.175,0.47,0.329,0.069
54,720,0.113,0.201,0.324,0.117,0.289,0.308,0.388,0.11
54,820,0.224,0.371,0.375,0.108,0.075,0.093,0.389,0.105
54,920,0.098,0.608,0.49,0.173,0.133,0.706,0.627,0.131
54,1020,0.1,0.673,0.327,0.165,0.033,0.472,0.51,0.083
54,1120,0.061,0.551,0.604,0.202,0.296,0.513,0.573,0.18
55,100,0.034,0.528,0.477,0.145,0.106,0.421,0.631,0.132
55,200,0.081,0.463,0.454,0.168,0.139,0.303,0.601,0.114
55,300,0.067,0.543,0.357,0.171,0.235,0.536,0.488,0.089
55,400,0.056,0.547,0.487,0.164,0.18,0.336,0.574,0.094
55,500,0.046,0.411,0.481,0.121,0.178,0.918,0.403,0.165
55,600,0.065,0.097,0.304,0.168,0.201,0.624,0.574,0.094
55,700,0.049,0.361,0.258,0.119,0.195,0.347,0.412,0.113
55,800,0.055,0.831,0.415,0.154,0.205,0.57,0.537,0.096
55,900,0.051,1.124,0.325,0.15,0.076,0.529,0.507,0.082
55,1000,0.232,0.224,0.32,0.154,0.055,0.425,0.517,0.09
55,1100,0.043,0.487,0.33,0.153,0.219,0.802,0.546,0.14
56,80,0.125,0.375,0.493,0.168,0.177,0.593,0.568,0.169
56,180,0.046,0.604,0.461,0.14,0.142,0.715,0.53,0.146
56,280,0.168,1.025,0.667,0.362,0.047,0.724,0.679,0.114
56,380,0.098,0.763,0.351,0.144,0.09,0.489,0.54,0.092
56,480,0.077,0.843,0.74,0.158,0.206,0.275,0.62,0.189
56,580,0.055,0.656,0.409,0.159,0.209,0.594,0.569,0.111
56,680,0.079,0.744,0.824,0.13,0.197,0.274,0.481,0.174
56,780,0.037,0.857,0.707,0.155,0.209,0.629,0.513,0.158
56,880,0.042,0.868,0.492,0.111,0.245,0.638,0.317,0.146
56,980,0.038,0.919,0.445,0.136,0.132,0.512,0.513,0.112
56,1080,0.037,0.379,0.329,0.128,0.1,0.381,0.454,0.086
57,60,0.131,0.426,0.338,0.189,0.051,0.278,0.539,0.089
57,160,0.038,0.765,0.355,0.142,0.182,0.383,0.56,0.103
57,260,0.08,0.546,0.286,0.173,0.116,0.44,0.536,0.121
57,360,0.101,0.579,0.391,0.169,0.357,0.621,0.61,0.089
57,460,0.033,0.775,0.396,0.121,0.199,0.589,0.447,0.105
57,560,0.068,0.798,0.33,0.091,0.107,0.211,0.328,0.093
57,660,0.114,0.575,0.379,0.187,0.253,0.705,0.617,0.088
57,760,0.088,0.846,0.317,0.162,0.219,0.264,0.553,0.083
57,860,0.114,0.427,0.511,0.143,0.104,0.45,0.595,0.14
57,960,0.112,0.491,0.456,0.137,0.18,0.419,0.417,0.112
57,1060,0.194,0.195,0.328,0.326,0.04,0.83,0.782,0.087
58,40,0.04,1.159,0.438,0.2,0.133,0.43,0.693,0.09
58,140,0.093,0.593,0.374,0.157,0.189,0.655,0.665,0.094
58,240,0.33,0.544,0.426,0.116,0.113,0.479,0.446,0.117
58,340,0.145,0.501,0.475,0.173,0.187,0.409,0.547,0.186
58,440,0.276,0.785,0.335,0.146,0.177,0.505,0.413,0.11
58,540,0.209,0.581,0.458,0.106,0.106,0.333,0.391,0.169
58,640,0.13,0.448,0.335,0.13,0.164,0.239,0.435,0.092
58,740,0.111,0.534,0.413,0.097,0.417,0.135,0.366,0.153
58,840,0.219,0.565,0.433,0.117,0.046,0.732,0.379,0.11
58,940,0.09,0.435,0.376,0.173,0.163,0.277,0.566,0.104
58,1040,0.112,0.436,0.339,0.172,0.089,0.221,0.661,0.1
59,20,0.273,0.131,0.413,0.107,0.069,0.465,0.382,0.125
59,120,0.184,0.298,0.34,0.21,0.178,0.643,0.645,0.076
59,220,0.069,0.575,0.476,0.168,0.2,0.5,0.524,0.102
59,320,0.061,0.432,0.31,0.166,0.234,0.358,0.578,0.066
59,420,0.258,0.291,0.331,0.133,0.322,0.281,0.474,0.072
59,520,0.164,0.271,0.437,0.138,0.112,0.468,0.546,0.1
59,620,0.131,0.415,0.292,0.154,0.156,0.442,0.633,0.094
59,720,0.107,0.688,0.324,0.185,0.025,0.566,0.576,0.097
59,820,0.198,0.63,0.305,0.15,0.109,0.604,0.532,0.097
59,920,0.049,0.64,0.471,0.153,0.119,0.307,0.483,0.155
59,1020,0.072,0.599,0.429,0.197,0.205,0.735,0.652,0.146
59,1120,0.073,0.416,0.402,0.087,0.141,0.568,0.354,0.109
60,100,0.04,0.689,0.328,0.141,0.18,0.417,0.485,0.15
60,200,0.233,0.607,0.419,0.114,0.309,0.119,0.477,0.102
60,300,0.109,0.805,0.312,0.156,0.097,0.514,0.483,0.084
60,400,0.09,0.319,0.383,0.131,0.119,0.487,0.44,0.109
60,500,0.036,0.908,0.511,0.201,0.345,0.714,0.584,0.121
60,600,0.171,0.408,0.329,0.129,0.192,0.355,0.47,0.072
60,700,0.033,0.795,0.463,0.15,0.16,0.48,0.508,0.111
60,800,0.132,0.372,0.317,0.142,0.097,0.458,0.538,0.089
60,900,0.068,0.55,0.469,0.146,0.188,0.844,0.485,0.122
60,1000,0.149,0.622,0.634,0.12,0.135,0.359,0.454,0.196
60,1100,0.129,0.429,0.406,0.237,0.184,0.516,0.837,0.095
61,80,0.051,0.652,0.336,0.201,0.232,0.4,0.66,0.133
61,180,0.176,0.49,0.315,0.138,0.043,0.673,0.527,0.085
61,280,0.087,0.273,0.33,0.254,0.039,0.447,0.675,0.115
61,380,0.145,0.571,0.648,0.187,0.237,0.487,0.57,0.097
61,480,0.023,0.646,0.377,0.155,0.143,0.412,0.491,0.078
61,580,0.077,0.482,0.543,0.138,0.131,0.169,0.499,0.151
61,680,0.054,1.006,0.859,0.205,0.142,0.355,0.708,0.212
61,780,0.063,0.545,0.403,0.194,0.056,0.653,0.574,0.115
61,880,0.023,0.958,0.646,0.203,0.15,0.667,0.633,0.147
61,980,0.029,0.557,0.38,0.228,0.092,0.692,0.605,0.109
61,1080,0.021,1.239,0.637,0.185,0.158,0.587,0.608,0.119
62,60,0.018,1.45,0.506,0.219,0.189,0.741,0.803,0.092
62,160,0.033,0.81,0.528,0.211,0.097,0.355,0.611,0.211
62,260,0.014,1.036,0.465,0.452,0.101,0.422,0.629,0.131
62,360,0.073,0.486,0.571,0.194,0.13,0.578,0.531,0.098
62,460,0.039,0.598,0.383,0.19,0.188,0.587,0.486,0.273
62,560,0.04,0.561,0.346,0.337,0.14,0.673,0.655,0.1
62,660,0.112,0.6,0.366,0.173,0.08,0.62,0.57,0.092
62,760,0.059,0.782,0.348,0.154,0.062,0.678,0.45,0.088
62,860,0.078,0.562,0.472,0.148,0.293,0.747,0.482,0.1
62,960,0.302,1.012,0.325,0.132,0.14,0.392,0.456,0.069
62,1060,0.039,0.952,0.324,0.178,0.038,0.545,0.58,0.088
63,40,0.281,0.125,0.595,0.154,0.168,0.543,0.463,0.098
63,140,0.136,0.295,0.333,0.199,0.073,0.561,0.69,0.091
63,240,0.037,0.908,0.418,0.163,0.05,0.222,0.503,0.096
63,340,0.119,0.667,0.304,0.131,0.269,0.777,0.439,0.096
63,440,0.043,0.643,0.285,0.14,0.213,0.265,0.523,0.076
63,540,0.058,0.625,0.285,0.148,0.121,0.565,0.481,0.079
63,640,0.029,0.441,0.345,0.193,0.182,0.466,0.635,0.082
63,740,0.021,0.41,0.499,0.156,0.085,0.494,0.48,0.124
63,840,0.29,0.754,0.275,0.116,0.222,0.428,0.403,0.109
63,940,0.105,0.26,0.307,0.12,0.207,0.461,0.378,0.093
63,1040,0.31,0.912,0.285,0.132,0.059,0.181,0.412,0.078
64,20,0.184,1.045,0.332,0.123,0.125,0.356,0.444,0.086
64,120,0.087,0.513,0.342,0.158,0.11,0.4,0.567,0.089
64,220,0.067,0.512,0.466,0.171,0.227,0.223,0.516,0.17
64,320,0.14,0.856,0.353,0.161,0.115,0.382,0.574,0.093
64,420,0.2,0.498,0.551,0.149,0.253,0.318,0.44,0.134
64,520,0.108,0.479,0.311,0.135,0.238,0.151,0.483,0.085
64,620,0.052,0.449,0.331,0.166,0.04,0.483,0.539,0.086
64,720,0.188,0.313,0.417,0.112,0.19,0.293,0.447,0.146
64,820,0.054,0.602,0.347,0.143,0.182,0.543,0.492,0.075
64,920,0.139,0.545,0.345,0.132,0.202,0.7,0.489,0.121
64,1020,0.143,0.281,0.432,0.112,0.182,0.388,0.516,0.125
64,1120,0.218,0.353,0.384,0.151,0.085,0.539,0.416,0.095
65,100,0.053,0.73,0.567,0.143,0.178,0.346,0.472,0.133
65,200,0.05,0.809,0.632,0.197,0.1,0.36,0.565,0.134
65,300,0.054,0.639,0.6,0.138,0.212,0.295,0.48,0.164
65,400,0.039,0.951,0.321,0.138,0.162,0.301,0.588,0.089
65,500,0.367,1.246,0.4,0.144,0.17,0.278,0.496,0.11
65,600,0.1,0.838,0.304,0.154,0.25,0.472,0.482,0.078
65,700,0.137,0.693,0.481,0.169,0.088,0.484,0.601,0.13
65,800,0.063,0.738,0.495,0.138,0.057,0.377,0.482,0.134
65,900,0.27,1.049,0.58,0.113,0.23,0.253,0.355,0.312
65,1000,0.322,0.937,0.33,0.118,0.195,0.333,0.357,0.075
65,1100,0.104,0.377,0.329,0.174,0.338,0.645,0.598,0.075
66,80,0.162,0.895,0.707,0.156,0.093,0.734,0.646,0.208
66,180,0.042,0.371,0.379,0.149,0.214,0.41,0.504,0.076
66,280,0.179,0.548,0.398,0.161,0.271,0.433,0.536,0.128
66,380,0.1,0.406,0.44,0.142,0.092,0.553,0.498,0.145
66,480,0.048,0.672,0.322,0.14,0.186,0.293,0.494,0.096
66,580,0.058,0.613,0.465,0.195,0.16,0.54,0.609,0.137
66,680,0.027,0.563,0.319,0.197,0.112,0.649,0.665,0.086
66,780,0.178,0.489,0.459,0.1,0.141,0.45,0.374,0.111
66,880,0.112,0.293,0.408,0.166,0.216,0.469,0.64,0.077
66,980,0.024,1.053,0.315,0.167,0.036,0.298,0.566,0.089
66,1080,0.04,0.847,0.509,0.192,0.271,0.176,0.624,0.146
67,60,0.022,0.85,0.38,0.31,0.045,0.607,0.736,0.092
67,160,0.033,1.399,0.502,0.191,0.261,0.741,0.589,0.111
67,260,0.046,0.718,0.33,0.401,0.062,0.635,0.593,0.084
67,360,0.105,0.621,0.497,0.227,0.203,0.49,0.593,0.085
67,460,0.06,0.682,0.362,0.197,0.048,0.342,0.639,0.09
67,560,0.079,0.461,0.346,0.344,0.097,0.618,0.898,0.081
67,660,0.136,0.905,0.274,0.152,0.12,0.678,0.52,0.068
67,760,0.074,0.338,0.375,0.137,0.253,0.137,0.426,0.119
67,860,0.076,0.775,0.207,0.147,0.092,0.313,0.557,0.061
67,960,0.212,0.67,0.507,0.142,0.334,0.453,0.468,0.117
67,1060,0.093,0.404,0.273,0.188,0.324,0.207,0.601,0.07
68,40,0.072,0.588,0.336,0.147,0.214,0.564,0.587,0.093
68,140,0.032,0.744,0.346,0.265,0.13,0.318,0.849,0.088
68,240,0.031,0.993,0.432,0.183,0.118,0.29,0.413,0.182
68,340,0.061,0.358,0.369,0.129,0.183,0.224,0.501,0.115
68,440,0.024,0.544,0.303,0.213,0.122,0.372,0.703,0.076
68,540,0.022,0.447,0.389,0.163,0.153,0.182,0.585,0.086
68,640,0.274,0.161,0.312,0.12,0.107,0.197,0.44,0.088
68,740,0.072,0.458,0.506,0.132,0.049,0.383,0.533,0.133
68,840,0.113,1.087,0.223,0.166,0.12,0.337,0.589,0.093
68,940,0.114,0.368,0.333,0.189,0.242,0.401,0.534,0.079
68,1040,0.064,0.618,0.401,0.134,0.322,0.577,0.514,0.117
69,20,0.245,0.788,0.322,0.208,0.083,0.26,0.63,0.085
69,120,0.031,0.783,0.317,0.142,0.169,0.178,0.496,0.086
69,220,0.096,0.46,0.304,0.138,0.114,0.314,0.532,0.078
69,320,0.141,0.354,0.491,0.137,0.236,0.284,0.524,0.179
69,420,0.161,0.357,0.317,0.169,0.051,0.347,0.58,0.089
69,520,0.094,0.517,0.383,0.133,0.264,0.809,0.492,0.096
69,620,0.057,0.271,0.354,0.174,0.272,0.44,0.548,0.106
69,720,0.192,0.236,0.356,0.14,0.13,0.353,0.498,0.088
69,820,0.161,0.612,0.254,0.104,0.118,0.648,0.401,0.088
69,920,0.115,0.524,0.426,0.138,0.106,0.343,0.517,0.101
69,1020,0.194,0.413,0.355,0.193,0.123,0.365,0.515,0.122
69,1120,0.216,0.239,0.451,0.129,0.211,0.42,0.428,0.094
70,100,0.16,0.519,0.318,0.116,0.182,0.234,0.424,0.086
70,200,0.238,0.67,0.512,0.123,0.206,0.775,0.438,0.117
70,300,0.037,0.888,0.492,0.133,0.123,0.643,0.489,0.127
70,400,0.232,0.344,0.313,0.14,0.378,0.881,0.448,0.094
70,500,0.148,0.691,0.475,0.144,0.084,0.53,0.554,0.152
70,600,0.078,0.447,0.325,0.152,0.099,0.864,0.527,0.082
70,700,0.169,0.899,0.427,0.082,0.096,0.421,0.411,0.162
70,800,0.188,0.673,0.305,0.171,0.117,0.384,0.606,0.084
70,900,0.276,0.29,0.319,0.196,0.145,0.246,0.517,0.155
70,1000,0.062,0.5,0.326,0.149,0.13,0.593,0.515,0.103
70,1100,0.13,1.098,0.393,0.087,0.238,0.81,0.325,0.068
71,80,0.127,0.456,0.284,0.127,0.42,0.117,0.516,0.149
71,180,0.199,0.473,0.323,0.174,0.045,0.334,0.476,0.085
71,280,0.044,0.667,0.494,0.173,0.157,0.752,0.681,0.113
71,380,0.273,0.932,0.292,0.144,0.34,0.342,0.469,0.092
71,480,0.075,0.576,0.335,0.152,0.197,0.555,0.435,0.091
71,580,0.224,0.276,0.412,0.174,0.056,0.695,0.534,0.11
71,680,0.03,0.419,0.309,0.141,0.092,0.537,0.497,0.123
71,780,0.152,0.594,0.394,0.112,0.26,0.333,0.424,0.101
71,880,0.078,0.678,0.482,0.142,0.15,0.352,0.512,0.128
71,980,0.19,0.586,0.333,0.122,0.264,0.788,0.353,0.094
71,1080,0.047,0.452,0.514,0.134,0.128,0.514,0.538,0.105
72,60,0.037,0.743,0.28,0.197,0.175,0.328,0.649,0.065
72,160,0.159,0.549,0.548,0.126,0.192,0.242,0.426,0.188
72,260,0.138,0.331,0.295,0.165,0.16,0.464,0.517,0.088
72,360,0.177,0.605,0.308,0.104,0.111,0.728,0.387,0.085
72,460,0.176,0.663,0.226,0.207,0.151,0.181,0.63,0.075
72,560,0.104,0.185,0.409,0.136,0.191,0.414,0.493,0.093
72,660,0.088,0.369,0.307,0.156,0.23,0.346,0.566,0.059
72,760,0.295,0.494,0.315,0.131,0.186,0.329,0.45,0.093
72,860,0.045,0.839,0.328,0.16,0.055,0.684,0.559,0.091
72,960,0.044,0.43,0.432,0.193,0.23,0.665,0.671,0.147
72,1060,0.069,0.595,0.478,0.139,0.11,0.304,0.501,0.184
73,40,0.023,0.462,0.352,0.149,0.112,0.708,0.53,0.092
73,140,0.147,0.942,0.599,0.155,0.054,0.735,0.526,0.134
73,240,0.109,0.6,0.388,0.13,0.104,0.392,0.465,0.136
73,340,0.032,0.937,0.265,0.191,0.149,0.587,0.655,0.064
73,440,0.09,0.471,0.34,0.217,0.143,0.436,0.549,0.067
73,540,0.238,0.723,0.269,0.127,0.08,0.476,0.432,0.072
73,640,0.037,0.37,0.579,0.14,0.179,0.727,0.476,0.223
73,740,0.306,1.404,0.428,0.124,0.148,0.19,0.614,0.127
73,840,0.092,0.429,0.427,0.14,0.132,0.633,0.481,0.087
73,940,0.198,0.387,0.431,0.123,0.192,0.342,0.505,0.07
73,1040,0.135,0.735,0.308,0.169,0.109,0.391,0.49,0.082
74,20,0.161,0.785,0.365,0.165,0.257,0.75,0.594,0.108
74,120,0.25,0.329,0.34,0.17,0.216,1.343,0.572,0.087
74,220,0.051,0.722,0.308,0.156,0.213,0.42,0.57,0.069
74,320,0.041,0.617,0.326,0.23,0.109,0.465,0.645,0.083
74,420,0.107,0.503,0.527,0.135,0.234,0.394,0.354,0.083
74,520,0.053,0.534,0.353,0.156,0.089,0.597,0.525,0.073
74,620,0.03,0.873,0.322,0.176,0.045,0.465,0.553,0.081
74,720,0.109,0.371,0.241,0.147,0.132,0.433,0.484,0.074
74,820,0.127,0.488,0.329,0.171,0.126,0.466,0.452,0.081
74,920,0.086,0.266,0.199,0.149,0.269,0.599,0.522,0.154
74,1020,0.101,0.45,0.436,0.165,0.107,0.389,0.639,0.124
74,1120,0.352,0.807,0.29,0.135,0.24,0.273,0.453,0.055
75,100,0.024,0.68,0.329,0.142,0.099,0.493,0.485,0.088
75,200,0.066,0.344,0.509,0.211,0.234,0.78,0.558,0.161
75,300,0.066,0.346,0.322,0.132,0.296,1.021,0.481,0.088
75,400,0.08,0.468,0.441,0.194,0.257,0.629,0.524,0.13
75,500,0.163,0.493,0.383,0.116,0.188,0.246,0.365,0.098
75,600,0.158,0.449,0.328,0.107,0.207,0.734,0.347,0.075
75,700,0.21,0.746,0.313,0.154,0.107,0.447,0.65,0.096
75,800,0.027,1.066,0.783,0.144,0.161,1.061,0.475,0.273
75,900,0.159,0.314,0.473,0.147,0.12,0.256,0.611,0.147
75,1000,0.216,0.21,0.575,0.127,0.247,0.639,0.456,0.132
75,1100,0.118,0.627,0.356,0.154,0.166,0.346,0.545,0.143
76,80,0.108,0.371,0.35,0.151,0.162,0.454,0.512,0.121
76,180,0.043,0.855,0.304,0.123,0.156,0.308,0.433,0.06
76,280,0.172,0.555,0.517,0.163,0.086,0.371,0.581,0.118
76,380,0.109,0.588,0.252,0.149,0.231,0.551,0.491,0.062
76,480,0.201,0.557,0.836,0.117,0.126,0.399,0.438,0.271
76,580,0.12,0.352,0.433,0.185,0.189,0.324,0.513,0.138
76,680,0.149,0.523,0.445,0.123,0.223,0.456,0.435,0.152
76,780,0.076,0.408,0.312,0.131,0.079,0.627,0.408,0.083
76,880,0.108,0.502,0.332,0.122,0.157,0.494,0.418,0.079
76,980,0.208,0.315,0.319,0.229,0.122,0.348,0.636,0.08
76,1080,0.062,0.518,0.318,0.14,0.09,0.443,0.496,0.089
77,60,0.049,0.688,0.402,0.152,0.089,0.467,0.489,0.088
77,160,0.029,0.521,0.286,0.149,0.267,0.156,0.54,0.081
77,260,0.096,0.441,0.255,0.192,0.338,0.435,0.631,0.068
77,360,0.12,0.694,0.663,0.145,0.166,0.431,0.513,0.144
77,460,0.099,1.052,0.421,0.139,0.089,0.501,0.575,0.086
77,560,0.046,0.854,0.365,0.156,0.043,0.563,0.585,0.089
77,660,0.071,0.629,0.332,0.199,0.094,0.557,0.674,0.084
77,760,0.115,0.369,0.306,0.142,0.061,0.785,0.606,0.091
77,860,0.051,0.523,0.232,0.122,0.348,1.132,0.391,0.088
77,960,0.035,0.671,0.465,0.124,0.068,0.562,0.447,0.117
77,1060,0.094,0.35,0.299,0.139,0.1,0.473,0.535,0.08
78,40,0.203,0.354,0.338,0.133,0.157,0.183,0.525,0.069
78,140,0.236,0.695,0.355,0.194,0.181,0.372,0.584,0.07
78,240,0.229,0.313,0.339,0.127,0.088,0.448,0.382,0.101
78,340,0.049,0.613,0.333,0.134,0.103,0.733,0.468,0.084
78,440,0.069,0.526,0.318,0.144,0.282,0.211,0.491,0.075
78,540,0.266,0.309,0.353,0.222,0.141,0.362,0.62,0.082
78,640,0.152,0.334,0.366,0.131,0.286,0.566,0.475,0.097
78,740,0.069,0.499,0.364,0.127,0.157,0.345,0.466,0.085
78,840,0.166,0.292,0.482,0.13,0.126,0.39,0.501,0.124
78,940,0.102,0.669,0.416,0.128,0.044,0.366,0.469,0.106
78,1040,0.201,0.401,0.327,0.123,0.179,0.149,0.383,0.086
79,20,0.041,0.451,0.414,0.175,0.303,0.149,0.515,0.074
79,120,0.135,0.233,0.419,0.152,0.246,1.206,0.459,0.055
79,220,0.146,0.789,0.537,0.151,0.16,0.441,0.583,0.138
79,320,0.165,0.862,0.354,0.203,0.142,0.568,0.645,0.092
79,420,0.183,0.768,0.537,0.234,0.205,0.387,0.691,0.171
79,520,0.148,0.418,0.402,0.15,0.131,0.485,0.585,0.091
79,620,0.033,0.471,0.56,0.15,0.062,0.594,0.523,0.14
79,720,0.118,0.329,0.234,0.177,0.093,0.41,0.501,0.085
79,820,0.238,0.429,0.509,0.1,0.133,0.437,0.34,0.151
79,920,0.066,0.733,0.299,0.167,0.121,0.79,0.519,0.078
79,1020,0.069,0.477,0.208,0.149,0.157,0.487,0.543,0.059
79,1120,0.057,0.792,0.29,0.231,0.222,0.708,0.565,0.089
80,100,0.185,0.419,1.291,0.129,0.384,0.957,0.414,0.133
80,200,0.117,0.644,0.312,0.154,0.183,0.628,0.5,0.095
80,300,0.101,0.431,0.412,0.125,0.244,0.172,0.48,0.112
80,400,0.131,0.501,0.412,0.133,0.135,0.455,0.481,0.182
80,500,0.103,0.257,0.637,0.142,0.174,0.515,0.468,0.117
80,600,0.324,0.114,0.289,0.138,0.147,0.512,0.482,0.073
80,700,0.225,0.453,0.327,0.12,0.247,0.187,0.443,0.095
80,800,0.042,0.662,0.371,0.156,0.142,0.413,0.523,0.106
80,900,0.065,0.529,0.314,0.156,0.117,0.392,0.591,0.077
80,1000,0.024,0.533,0.318,0.126,0.151,0.381,0.442,0.077
80,1100,0.059,0.45,0.344,0.135,0.213,0.254,0.534,0.067
81,80,0.166,0.731,0.362,0.143,0.229,0.508,0.532,0.101
81,180,0.393,0.095,0.366,0.12,0.241,0.148,0.457,0.087
81,280,0.176,0.583,0.328,0.114,0.132,0.496,0.457,0.093
81,380,0.052,0.278,0.303,0.152,0.129,0.392,0.552,0.084
81,480,0.012,0.926,0.292,0.132,0.117,0.228,0.475,0.088
81,580,0.18,1.042,0.34,0.164,0.123,0.239,0.404,0.14
81,680,0.226,0.547,0.554,0.13,0.096,0.55,0.447,0.109
81,780,0.089,0.74,0.375,0.147,0.189,0.539,0.461,0.084
81,880,0.153,1.065,0.389,0.236,0.087,0.127,0.656,0.085
81,980,0.053,0.484,0.382,0.156,0.229,0.529,0.599,0.112
81,1080,0.106,0.273,0.335,0.134,0.248,0.594,0.52,0.078
82,60,0.112,0.51,0.376,0.097,0.283,0.429,0.403,0.089
82,160,0.098,0.887,0.551,0.132,0.25,0.383,0.465,0.115
82,260,0.1,0.501,0.478,0.143,0.226,0.371,0.464,0.113
82,360,0.036,0.561,0.4,0.187,0.227,0.438,0.665,0.164
82,460,0.124,0.521,0.502,0.138,0.334,0.406,0.478,0.089
82,560,0.204,0.867,0.257,0.161,0.131,0.541,0.554,0.075
82,660,0.101,0.338,0.347,0.144,0.089,0.25,0.484,0.071
82,760,0.305,0.771,0.3,0.181,0.179,0.318,0.43,0.103
82,860,0.121,0.63,0.299,0.194,0.049,0.499,0.614,0.076
82,960,0.032,0.708,0.328,0.194,0.215,0.299,0.625,0.142
82,1060,0.129,0.314,0.306,0.125,0.219,0.715,0.537,0.123
83,40,0.184,1.04,0.337,0.179,0.111,0.248,0.548,0.077
83,140,0.128,0.443,0.48,0.15,0.108,0.38,0.488,0.134
83,240,0.079,0.463,0.517,0.188,0.065,0.417,0.611,0.13
83,340,0.32,0.696,0.481,0.139,0.1,0.544,0.663,0.125
83,440,0.075,0.537,0.431,0.18,0.182,0.496,0.638,0.096
83,540,0.092,0.691,0.413,0.128,0.155,0.555,0.443,0.088
83,640,0.078,0.733,0.291,0.1,0.202,0.587,0.456,0.083
83,740,0.035,0.69,0.449,0.139,0.13,0.611,0.535,0.113
83,840,0.178,0.638,0.367,0.213,0.1,0.302,0.673,0.105
83,940,0.121,0.485,0.437,0.148,0.144,0.467,0.549,0.13
83,1040,0.182,0.301,0.275,0.1,0.213,0.299,0.396,0.075
84,20,0.053,0.459,0.564,0.226,0.132,0.672,0.602,0.162
84,120,0.172,0.394,0.551,0.142,0.166,0.325,0.414,0.094
84,220,0.036,0.941,0.537,0.227,0.139,0.365,0.799,0.123
84,320,0.032,0.599,0.397,0.152,0.063,0.569,0.505,0.108
84,420,0.205,0.974,0.315,0.083,0.073,0.492,0.341,0.078
84,520,0.109,0.385,0.313,0.156,0.037,0.674,0.499,0.081
84,620,0.075,0.492,0.343,0.158,0.151,0.612,0.545,0.094
84,720,0.088,0.196,0.317,0.138,0.155,0.375,0.581,0.089
84,820,0.152,0.702,0.454,0.116,0.352,0.243,0.41,0.152
84,920,0.138,0.407,0.337,0.127,0.293,0.533,0.356,0.104
84,1020,0.054,0.279,0.32,0.129,0.117,0.347,0.537,0.081
84,1120,0.232,1.504,0.471,0.147,0.053,0.586,0.578,0.143
85,100,0.116,0.34,0.398,0.11,0.126,0.431,0.425,0.097
85,200,0.085,0.595,0.301,0.137,0.057,0.524,0.49,0.079
85,300,0.309,0.425,0.29,0.15,0.144,0.285,0.604,0.066
85,400,0.082,0.384,0.317,0.156,0.123,0.311,0.509,0.079
85,500,0.092,0.544,0.279,0.133,0.091,0.547,0.493,0.079
85,600,0.045,0.658,0.257,0.179,0.21,0.273,0.603,0.063
85,700,0.199,0.48,0.443,0.118,0.177,0.143,0.384,0.102
85,800,0.058,0.829,0.482,0.183,0.103,0.476,0.626,0.121
85,900,0.027,1.043,0.361,0.131,0.18,0.898,0.448,0.093
85,1000,0.136,0.685,0.253,0.105,0.143,0.717,0.328,0.082
85,1100,0.048,0.643,0.322,0.128,0.094,0.546,0.478,0.081
86,80,0.104,0.408,0.268,0.16,0.291,0.381,0.555,0.072
86,180,0.127,0.891,0.328,0.117,0.204,0.545,0.508,0.102
86,280,0.041,0.648,0.386,0.136,0.129,0.549,0.514,0.095
86,380,0.149,0.311,0.304,0.17,0.244,0.232,0.604,0.075
86,480,0.13,0.525,0.313,0.117,0.168,0.485,0.459,0.076
86,580,0.183,0.404,0.305,0.106,0.053,0.179,0.429,0.091
86,680,0.046,0.442,0.313,0.174,0.138,0.403,0.603,0.08
86,780,0.334,0.716,0.368,0.146,0.324,0.194,0.569,0.094
86,880,0.05,0.641,0.466,0.203,0.111,0.585,0.681,0.102
86,980,0.043,0.748,0.317,0.161,0.226,0.586,0.611,0.074
86,1080,0.033,0.734,0.408,0.132,0.091,0.257,0.47,0.128
87,60,0.054,0.734,0.369,0.133,0.099,0.474,0.5,0.081
87,160,0.194,0.228,0.89,0.126,0.234,0.198,0.488,0.26
87,260,0.062,0.576,0.26,0.129,0.214,0.189,0.505,0.081
87,360,0.142,0.56,0.265,0.131,0.144,0.393,0.421,0.136
87,460,0.062,1.136,0.402,0.201,0.101,0.554,0.672,0.094
87,560,0.098,0.469,0.332,0.124,0.133,0.39,0.483,0.082
87,660,0.07,0.467,0.283,0.125,0.251,0.665,0.452,0.079
87,760,0.066,0.34,0.631,0.125,0.18,0.525,0.586,0.188
87,860,0.142,0.356,0.413,0.165,0.118,0.451,0.621,0.104
87,960,0.112,1.067,0.292,0.135,0.201,0.554,0.504,0.057
87,1060,0.085,0.478,0.357,0.145,0.233,0.606,0.476,0.07
88,40,0.086,0.441,0.472,0.129,0.099,0.449,0.443,0.16
88,140,0.051,0.409,0.32,0.16,0.171,0.167,0.481,0.076
88,240,0.147,0.335,0.338,0.186,0.12,0.764,0.568,0.106
88,340,0.169,0.244,0.363,0.127,0.142,0.843,0.469,0.073
88,440,0.104,0.55,0.422,0.12,0.249,0.246,0.445,0.127
88,540,0.023,0.359,0.322,0.13,0.132,0.295,0.462,0.08
88,640,0.086,0.512,0.316,0.14,0.066,0.433,0.511,0.087
88,740,0.267,1.046,0.765,0.123,0.173,0.389,0.391,0.312
88,840,0.203,0.602,0.299,0.213,0.234,0.256,0.535,0.083
88,940,0.088,0.522,0.381,0.121,0.147,0.286,0.459,0.076
88,1040,0.15,0.346,0.472,0.134,0.248,0.56,0.477,0.123
89,20,0.134,0.65,0.289,0.13,0.177,0.377,0.457,0.072
89,120,0.178,0.883,0.432,0.15,0.174,0.375,0.461,0.117
89,220,0.446,0.53,0.311,0.141,0.088,0.508,0.549,0.089
89,320,0.076,0.52,0.353,0.141,0.41,1.289,0.467,0.077
89,420,0.205,0.453,0.348,0.19,0.209,0.211,0.581,0.084
89,520,0.224,0.489,0.4,0.123,0.206,0.542,0.397,0.107
89,620,0.237,0.827,0.33,0.131,0.192,0.248,0.609,0.087
89,720,0.12,0.289,0.418,0.135,0.131,0.327,0.471,0.072
89,820,0.086,0.369,0.339,0.147,0.173,0.456,0.477,0.087
89,920,0.082,0.569,0.238,0.138,0.174,0.599,0.534,0.055
89,1020,0.034,0.744,0.311,0.124,0.127,0.482,0.463,0.082
89,1120,0.227,0.502,0.489,0.095,0.077,0.403,0.368,0.116
90,100,0.019,0.821,0.412,0.118,0.219,0.609,0.42,0.127
90,200,0.154,0.635,0.298,0.111,0.094,0.638,0.436,0.077
90,300,0.148,0.63,0.321,0.119,0.089,0.529,0.44,0.087
90,400,0.054,0.641,0.507,0.101,0.314,0.61,0.494,0.129
90,500,0.191,0.607,0.464,0.084,0.165,0.255,0.339,0.125
90,600,0.048,1.057,0.403,0.138,0.063,0.619,0.462,0.12
90,700,0.038,0.558,0.431,0.181,0.094,0.374,0.639,0.112
90,800,0.071,0.433,0.473,0.153,0.14,0.375,0.526,0.153
90,900,0.254,0.895,0.462,0.157,0.317,0.244,0.614,0.105
90,1000,0.026,0.644,0.5,0.175,0.229,0.181,0.622,0.117
90,1100,0.173,0.901,0.312,0.084,0.069,0.692,0.327,0.095
91,80,0.081,0.797,0.771,0.126,0.209,0.423,0.481,0.282
91,180,0.245,0.245,0.326,0.135,0.135,0.277,0.483,0.091
91,280,0.105,0.405,0.258,0.135,0.093,0.368,0.452,0.063
91,380,0.033,0.478,0.386,0.15,0.235,0.291,0.503,0.121
91,480,0.069,0.54,0.585,0.128,0.098,0.517,0.463,0.188
91,580,0.302,0.893,0.319,0.157,0.242,0.462,0.478,0.079
91,680,0.122,0.417,0.374,0.187,0.172,0.329,0.564,0.101
91,780,0.159,0.795,0.225,0.123,0.219,0.415,0.487,0.067
91,880,0.238,0.678,0.419,0.132,0.157,0.38,0.474,0.141
91,980,0.063,0.537,0.315,0.141,0.145,0.292,0.492,0.075
91,1080,0.147,0.557,0.383,0.155,0.087,0.222,0.649,0.095
92,60,0.041,0.497,0.287,0.158,0.288,0.509,0.461,0.069
92,160,0.208,0.696,0.318,0.135,0.149,0.254,0.465,0.078
92,260,0.065,0.503,0.41,0.167,0.19,0.327,0.641,0.073
92,360,0.042,0.783,0.214,0.144,0.223,0.533,0.544,0.082
92,460,0.145,0.982,0.875,0.136,0.09,0.7,0.528,0.312
92,560,0.175,0.652,0.527,0.109,0.255,0.734,0.485,0.143
92,660,0.023,0.65,0.286,0.137,0.233,0.31,0.492,0.084
92,760,0.126,0.417,0.385,0.195,0.236,0.69,0.719,0.132
92,860,0.257,0.197,0.31,0.142,0.1,0.496,0.488,0.076
92,960,0.181,0.391,0.51,0.167,0.053,0.612,0.413,0.116
92,1060,0.058,0.852,0.315,0.112,0.088,0.575,0.4,0.08
93,40,0.191,0.926,0.393,0.14,0.043,0.374,0.47,0.161
93,140,0.145,0.589,0.324,0.131,0.21,0.403,0.51,0.066
93,240,0.304,0.992,0.24,0.169,0.144,0.278,0.574,0.063
93,340,0.145,0.314,0.345,0.255,0.267,0.617,0.831,0.081
93,440,0.101,0.305,0.343,0.117,0.345,0.754,0.454,0.088
93,540,0.149,0.456,0.339,0.132,0.29,0.141,0.461,0.082
93,640,0.096,0.343,0.333,0.122,0.124,0.417,0.451,0.079
93,740,0.148,0.312,0.37,0.137,0.149,0.513,0.51,0.08
93,840,0.032,0.782,0.356,0.131,0.362,0.865,0.512,0.085
93,940,0.264,0.527,0.398,0.127,0.195,0.4,0.546,0.105
93,1040,0.053,0.597,0.318,0.127,0.112,0.582,0.476,0.111
94,20,0.058,0.373,0.347,0.191,0.167,0.289,0.624,0.087
94,120,0.283,0.334,0.341,0.167,0.157,0.411,0.374,0.077
94,220,0.198,0.244,0.455,0.159,0.139,0.567,0.52,0.098
94,320,0.11,0.933,0.57,0.16,0.182,0.398,0.592,0.206
94,420,0.061,0.646,0.301,0.133,0.08,0.495,0.508,0.079
94,520,0.042,0.445,0.332,0.137,0.119,0.59,0.494,0.089
94,620,0.077,0.451,0.31,0.127,0.144,0.318,0.471,0.084
94,720,0.186,0.265,0.306,0.141,0.071,0.855,0.539,0.082
94,820,0.083,0.468,0.543,0.133,0.071,0.713,0.475,0.144
94,920,0.037,0.655,0.325,0.129,0.209,0.477,0.453,0.073
94,1020,0.191,0.294,0.451,0.123,0.108,0.665,0.414,0.156
94,1120,0.223,0.483,0.39,0.121,0.305,0.463,0.423,0.144
95,100,0.237,0.759,0.272,0.127,0.116,0.439,0.454,0.08
95,200,0.101,0.476,0.543,0.157,0.135,0.455,0.54,0.117
95,300,0.062,0.459,0.306,0.217,0.084,0.484,0.715,0.075
95,400,0.23,0.301,0.428,0.134,0.214,0.403,0.454,0.089
95,500,0.055,0.397,0.483,0.133,0.127,0.338,0.498,0.117
95,600,0.108,0.443,0.369,0.154,0.247,0.15,0.42,0.137
95,700,0.078,0.494,0.47,0.149,0.2,0.347,0.532,0.116
95,800,0.178,0.602,0.465,0.119,0.07,0.294,0.418,0.13
95,900,0.12,0.662,0.365,0.094,0.158,0.377,0.343,0.089
95,1000,0.126,0.676,0.344,0.125,0.039,0.465,0.588,0.089
95,1100,0.055,0.712,0.333,0.164,0.135,0.436,0.608,0.082
96,80,0.228,0.185,0.472,0.131,0.162,0.318,0.461,0.089
96,180,0.121,0.24,0.301,0.14,0.175,0.388,0.5,0.067
96,280,0.017,0.821,0.31,0.158,0.142,0.313,0.519,0.077
96,380,0.029,0.541,0.482,0.102,0.092,0.466,0.454,0.126
96,480,0.12,0.326,0.337,0.143,0.141,0.702,0.518,0.12
96,580,0.088,0.431,0.254,0.194,0.161,0.467,0.63,0.075
96,680,0.051,0.449,0.365,0.125,0.256,0.293,0.468,0.075
96,780,0.083,0.355,0.432,0.123,0.363,0.613,0.461,0.161
96,880,0.116,0.38,0.317,0.126,0.172,0.654,0.444,0.099
96,980,0.146,0.589,0.24,0.158,0.151,0.408,0.701,0.072
96,1080,0.061,0.805,0.482,0.195,0.203,0.608,0.522,0.107
97,60,0.145,0.705,0.19,0.133,0.152,0.336,0.496,0.089
97,160,0.04,0.823,0.463,0.122,0.165,0.746,0.479,0.103
97,260,0.281,0.916,0.531,0.121,0.146,0.527,0.48,0.161
97,360,0.194,0.635,0.307,0.167,0.138,0.465,0.492,0.086
97,460,0.304,0.227,0.222,0.218,0.192,0.287,0.578,0.05
97,560,0.061,0.834,0.296,0.121,0.158,0.435,0.46,0.097
97,660,0.071,0.69,0.326,0.148,0.231,0.545,0.516,0.056
97,760,0.042,0.592,0.328,0.252,0.079,0.615,0.71,0.081
97,860,0.097,0.367,0.52,0.128,0.073,0.377,0.464,0.14
97,960,0.056,0.846,0.309,0.111,0.25,0.555,0.497,0.055
97,1060,0.271,0.468,0.541,0.117,0.158,0.383,0.446,0.088
98,40,0.034,0.651,0.398,0.134,0.244,0.357,0.502,0.099
98,140,0.185,0.744,0.318,0.094,0.253,0.272,0.353,0.075
98,240,0.061,0.775,0.416,0.17,0.129,0.45,0.659,0.103
98,340,0.024,0.73,0.446,0.345,0.099,0.517,0.61,0.114
98,440,0.244,0.227,0.366,0.185,0.244,0.327,0.567,0.088
98,540,0.027,0.684,0.346,0.145,0.093,0.424,0.498,0.091
98,640,0.092,0.561,0.292,0.145,0.117,0.54,0.49,0.085
98,740,0.102,0.443,0.325,0.092,0.22,0.443,0.38,0.085
98,840,0.052,0.401,0.305,0.128,0.204,0.204,0.541,0.082
98,940,0.088,0.653,0.508,0.147,0.13,0.368,0.521,0.124
98,1040,0.03,0.622,0.411,0.129,0.089,0.547,0.596,0.115
99,20,0.047,0.584,0.289,0.124,0.13,0.348,0.435,0.099
99,120,0.161,0.256,0.472,0.176,0.171,0.596,0.642,0.085
99,220,0.199,0.545,0.49,0.121,0.228,0.734,0.433,0.097
99,320,0.04,0.772,0.364,0.159,0.123,0.501,0.511,0.109
99,420,0.173,0.47,0.252,0.169,0.194,0.664,0.601,0.054
99,520,0.243,0.517,0.384,0.088,0.148,0.533,0.304,0.133
99,620,0.195,0.499,0.314,0.088,0.171,0.338,0.54,0.086
99,720,0.158,0.655,0.297,0.117,0.066,0.355,0.387,0.079
99,820,0.027,0.875,0.221,0.14,0.138,0.37,0.5,0.073
99,920,0.126,0.314,0.347,0.141,0.248,0.58,0.485,0.112
99,1020,0.212,0.233,0.205,0.12,0.313,0.463,0.441,0.088
99,1120,0.228,0.791,0.301,0.14,0.257,0.395,0.552,0.08
100,100,0.193,0.365,0.34,0.104,0.203,0.588,0.422,0.11
100,200,0.107,0.429,0.347,0.139,0.047,0.639,0.465,0.085
100,300,0.102,0.554,0.369,0.164,0.235,0.548,0.51,0.103
100,400,0.3,0.348,0.583,0.183,0.135,0.358,0.594,0.085
100,500,0.143,0.149,0.284,0.123,0.277,0.213,0.366,0.078
100,600,0.04,0.763,0.391,0.148,0.172,0.372,0.548,0.097
100,700,0.056,0.558,0.324,0.138,0.058,0.424,0.495,0.098
100,800,0.021,0.243,0.433,0.123,0.171,0.398,0.454,0.086
100,900,0.087,0.466,0.312,0.19,0.114,0.437,0.443,0.089
100,1000,0.108,0.398,0.297,0.13,0.22,0.117,0.549,0.077
100,1100,0.043,0.749,0.309,0.13,0.09,0.763,0.454,0.08
101,80,0.182,0.514,0.346,0.117,0.274,0.297,0.406,0.077
101,180,0.237,0.495,0.315,0.096,0.091,0.406,0.351,0.108
101,280,0.08,0.5,0.402,0.199,0.054,0.587,0.612,0.106
101,380,0.298,0.8,0.367,0.119,0.1,0.302,0.424,0.103
101,480,0.038,0.876,0.312,0.134,0.116,0.362,0.489,0.076
101,580,0.046,0.718,0.597,0.252,0.186,0.584,0.632,0.081
101,680,0.047,0.832,0.516,0.204,0.103,0.497,0.537,0.074
101,780,0.07,0.553,0.411,0.185,0.197,0.235,0.578,0.077
101,880,0.084,0.555,0.383,0.181,0.243,0.266,0.591,0.118
101,980,0.11,0.691,0.48,0.132,0.039,0.754,0.465,0.119
101,1080,0.031,0.457,0.36,0.283,0.23,0.568,0.712,0.13
102,60,0.042,1.181,0.581,0.202,0.116,0.437,0.498,0.133
102,160,0.03,0.598,0.452,0.202,0.125,0.524,0.564,0.14
102,260,0.035,1.1,0.585,0.196,0.109,0.836,0.615,0.156
102,360,0.056,0.55,0.288,0.144,0.184,0.5,0.597,0.157
102,460,0.027,1.275,0.348,0.261,0.347,0.121,0.815,0.127
102,560,0.039,1.289,0.333,0.309,0.045,0.949,0.744,0.101
102,660,0.023,0.844,0.458,0.168,0.167,0.428,0.617,0.071
102,760,0.019,1.076,0.81,0.28,0.113,0.46,0.638,0.223
102,860,0.015,0.974,0.343,0.23,0.096,0.714,0.66,0.093
102,960,0.069,0.553,0.345,0.256,0.114,0.572,1.403,0.077
102,1060,0.059,1.399,0.517,0.179,0.076,0.585,0.513,0.158
103,40,0.068,0.772,0.367,0.252,0.046,0.653,0.774,0.084
103,140,0.075,1.062,0.328,0.159,0.21,0.725,0.515,0.071
103,240,0.018,0.847,0.367,0.171,0.192,0.255,0.488,0.08
103,340,0.015,0.681,0.427,0.198,0.118,0.637,0.57,0.112
103,440,0.037,1.055,0.38,0.251,0.096,0.551,0.635,0.097
103,540,0.019,0.764,0.267,0.131,0.329,0.571,0.461,0.073
103,640,0.043,1.365,0.685,0.175,0.274,0.533,0.523,0.149
103,740,0.085,0.571,0.287,0.171,0.142,0.684,0.572,0.062
103,840,0.097,0.467,0.374,0.153,0.099,0.51,0.455,0.134
103,940,0.028,0.522,0.329,0.12,0.128,0.362,0.51,0.084
103,1040,0.054,1.446,0.398,0.242,0.158,0.351,0.809,0.118
104,20,0.062,1.188,0.436,0.131,0.299,0.151,0.561,0.112
104,120,0.049,0.989,0.589,0.172,0.143,0.321,0.513,0.106
104,220,0.035,0.66,0.313,0.147,0.12,0.495,0.515,0.075
104,320,0.039,0.709,0.302,0.205,0.12,0.577,0.55,0.08
104,420,0.054,0.623,0.341,0.195,0.183,0.392,0.69,0.099
104,520,0.049,0.696,0.305,0.142,0.128,0.54,0.542,0.084
104,620,0.147,0.524,0.26,0.212,0.141,0.636,0.683,0.066
104,720,0.194,0.628,0.345,0.139,0.235,0.224,0.443,0.085
104,820,0.043,0.546,0.418,0.265,0.127,0.736,0.487,0.101
104,920,0.038,0.967,0.495,0.159,0.122,0.249,0.528,0.116
104,1020,0.129,0.401,0.522,0.151,0.212,0.408,0.545,0.127
104,1120,0.124,0.387,0.465,0.154,0.141,0.347,0.539,0.122
105,100,0.064,0.77,0.288,0.142,0.113,0.486,0.575,0.067
105,200,0.055,0.714,0.403,0.148,0.131,0.375,0.581,0.1
105,300,0.043,0.746,0.285,0.135,0.112,0.78,0.485,0.071
105,400,0.074,0.875,0.46,0.165,0.235,0.736,0.603,0.091
105,500,0.123,0.582,0.389,0.098,0.232,0.194,0.364,0.088
105,600,0.067,0.869,0.276,0.145,0.275,0.541,0.549,0.098
105,700,0.018,0.928,0.288,0.145,0.078,0.534,0.507,0.079
105,800,0.086,0.507,0.418,0.141,0.103,0.405,0.566,0.097
105,900,0.451,0.868,0.28,0.107,0.15,0.693,0.541,0.061
105,1000,0.049,0.639,0.314,0.141,0.071,0.591,0.528,0.105
105,1100,0.045,0.688,0.348,0.134,0.227,0.313,0.538,0.086
106,80,0.067,0.422,0.258,0.134,0.133,0.43,0.489,0.09
106,180,0.029,1.255,0.374,0.186,0.042,0.725,0.614,0.09
106,280,0.043,0.901,0.487,0.17,0.113,0.763,0.607,0.243
106,380,0.06,0.478,0.318,0.103,0.18,0.308,0.441,0.084
106,480,0.114,0.555,0.326,0.129,0.086,0.516,0.46,0.082
106,580,0.119,0.383,0.414,0.115,0.133,0.42,0.44,0.074
106,680,0.074,0.518,0.322,0.142,0.05,0.654,0.539,0.077
106,780,0.116,0.641,0.408,0.187,0.223,0.321,0.542,0.101
106,880,0.043,0.504,0.499,0.337,0.108,0.693,0.681,0.124
106,980,0.017,0.696,0.315,0.151,0.175,0.249,0.508,0.084
106,1080,0.134,0.618,0.271,0.122,0.179,0.507,0.365,0.077
107,60,0.12,0.551,0.316,0.149,0.089,0.447,0.495,0.084
107,160,0.047,0.445,0.421,0.168,0.231,0.523,0.611,0.097
107,260,0.184,1.055,0.319,0.152,0.157,0.634,0.581,0.083
107,360,0.063,0.601,0.314,0.099,0.041,0.651,0.386,0.079
107,460,0.172,0.527,0.367,0.112,0.159,0.344,0.417,0.084
107,560,0.136,0.691,0.528,0.108,0.113,0.407,0.411,0.204
107,660,0.061,0.275,0.476,0.125,0.149,0.573,0.477,0.125
107,760,0.191,1.07,0.306,0.228,0.191,0.26,0.528,0.078
107,860,0.068,0.447,0.338,0.123,0.355,0.842,0.484,0.061
107,960,0.061,0.335,0.481,0.108,0.107,0.361,0.434,0.118
107,1060,0.071,0.817,0.475,0.109,0.248,0.547,0.425,0.136
108,40,0.213,0.849,0.317,0.136,0.099,0.405,0.429,0.082
108,140,0.044,0.331,0.353,0.119,0.176,0.568,0.424,0.09
108,240,0.04,0.731,0.319,0.124,0.068,0.663,0.454,0.084
108,340,0.063,0.702,0.377,0.138,0.226,0.436,0.52,0.096
108,440,0.058,0.526,0.455,0.136,0.095,0.865,0.444,0.157
108,540,0.09,0.399,0.332,0.144,0.073,0.361,0.471,0.096
108,640,0.032,0.585,0.409,0.189,0.06,0.566,0.607,0.099
108,740,0.339,0.761,0.449,0.092,0.21,0.43,0.339,0.111
108,840,0.27,0.462,0.312,0.143,0.042,0.62,0.534,0.089
108,940,0.042,0.356,0.361,0.162,0.063,0.59,0.513,0.078
108,1040,0.137,0.647,0.826,0.188,0.282,0.267,0.652,0.188
109,20,0.084,0.836,0.224,0.104,0.165,0.386,0.382,0.056
109,120,0.032,0.488,0.287,0.134,0.201,0.379,0.494,0.076
109,220,0.025,0.875,0.211,0.127,0.24,0.664,0.484,0.095
109,320,0.102,0.498,0.252,0.13,0.246,0.418,0.499,0.059
109,420,0.038,0.801,0.329,0.095,0.041,0.687,0.389,0.076
109,520,0.226,0.803,0.499,0.143,0.155,0.383,0.498,0.126
109,620,0.058,0.599,0.234,0.129,0.155,0.624,0.482,0.06
109,720,0.201,0.402,0.457,0.133,0.189,0.254,0.51,0.1
109,820,0.16,0.559,0.301,0.145,0.06,0.636,0.506,0.08
109,920,0.29,0.968,0.403,0.133,0.183,0.4,0.523,0.099
109,1020,0.056,0.607,0.382,0.153,0.136,0.463,0.563,0.093
109,1120,0.236,0.175,0.497,0.128,0.177,0.297,0.509,0.131
110,100,0.076,0.608,0.204,0.124,0.234,0.444,0.465,0.064
110,200,0.204,0.328,0.59,0.164,0.071,0.526,0.673,0.109
110,300,0.055,0.563,0.285,0.129,0.123,0.527,0.449,0.06
110,400,0.06,0.612,0.546,0.138,0.144,0.407,0.49,0.145
110,500,0.24,0.734,0.32,0.145,0.169,0.281,0.402,0.077
110,600,0.044,0.437,0.448,0.116,0.114,0.675,0.444,0.128
110,700,0.035,0.481,0.226,0.118,0.158,0.467,0.447,0.062
110,800,0.153,0.493,0.289,0.113,0.268,0.718,0.455,0.069
110,900,0.191,0.6,0.428,0.125,0.3,0.167,0.485,0.077
110,1000,0.284,0.747,0.343,0.123,0.117,0.438,0.447,0.11
110,1100,0.209,0.56,0.432,0.131,0.104,0.578,0.551,0.121
111,80,0.103,0.919,0.338,0.088,0.497,0.124,0.363,0.094
111,180,0.225,0.527,0.332,0.146,0.124,0.4,0.432,0.079
111,280,0.102,0.507,0.376,0.159,0.095,0.627,0.55,0.071
111,380,0.085,0.435,0.306,0.127,0.107,0.652,0.46,0.087
111,480,0.067,0.779,0.213,0.154,0.275,0.307,0.541,0.054
111,580,0.152,0.421,0.299,0.165,0.044,0.382,0.62,0.073
111,680,0.124,0.315,0.309,0.128,0.133,0.424,0.465,0.077
111,780,0.067,0.991,0.535,0.124,0.289,0.188,0.443,0.146
111,880,0.043,0.433,0.317,0.103,0.271,0.397,0.41,0.088
111,980,0.062,0.566,0.474,0.131,0.186,0.424,0.466,0.109
111,1080,0.2,0.442,0.531,0.13,0.286,0.318,0.394,0.104
112,60,0.209,0.479,0.369,0.157,0.246,0.403,0.518,0.07
112,160,0.032,0.595,0.444,0.134,0.136,0.37,0.527,0.108
112,260,0.132,0.347,0.304,0.113,0.08,0.746,0.4,0.077
112,360,0.037,1.356,0.315,0.241,0.277,0.189,0.602,0.091
112,460,0.041,1.099,0.435,0.171,0.21,0.46,0.441,0.11
112,560,0.031,0.896,0.359,0.148,0.195,0.434,0.463,0.088
112,660,0.04,1.175,0.368,0.264,0.2,0.327,0.57,0.067
112,760,0.023,1.06,0.439,0.151,0.127,0.261,0.527,0.097
112,860,0.019,0.536,0.326,0.172,0.112,0.422,0.563,0.074
112,960,0.022,0.791,0.608,0.195,0.187,0.574,0.576,0.117
112,1060,0.033,0.946,0.312,0.159,0.176,0.263,0.529,0.081
113,40,0.021,1.06,0.246,0.181,0.125,0.734,0.557,0.069
113,140,0.042,0.599,0.458,0.211,0.073,0.822,0.61,0.105
113,240,0.041,0.673,0.495,0.142,0.185,0.254,0.478,0.121
113,340,0.025,0.859,0.322,0.195,0.152,0.542,1.423,0.081
113,440,0.023,0.728,0.445,0.164,0.13,0.358,0.501,0.111
113,540,0.032,0.759,0.286,0.174,0.156,0.451,0.604,0.072
113,640,0.037,1.19,0.597,0.185,0.176,0.405,0.601,0.2
113,740,0.014,0.919,0.397,0.179,0.211,0.365,0.554,0.092
113,840,0.021,1.257,0.336,0.187,0.059,0.635,0.615,0.081
113,940,0.037,0.616,0.297,0.132,0.119,0.277,0.44,0.063
113,1040,0.051,0.766,0.562,0.161,0.109,0.369,0.533,0.131
114,20,0.015,1.034,0.366,0.174,0.243,0.602,0.577,0.088
114,120,0.018,1.089,0.369,0.144,0.133,0.499,0.505,0.071
114,220,0.133,0.92,0.513,0.215,0.053,0.43,0.616,0.116
114,320,0.029,0.971,0.265,0.166,0.107,0.6,0.621,0.061
114,420,0.023,0.793,0.302,0.141,0.177,0.521,0.567,0.052
114,520,0.107,0.478,0.324,0.167,0.155,0.547,0.539,0.088
114,620,0.066,0.595,0.344,0.195,0.103,0.605,0.837,0.102
114,720,0.034,0.763,0.306,0.183,0.145,0.466,0.585,0.054
114,820,0.097,0.442,0.379,0.15,0.164,0.467,0.547,0.085
114,920,0.044,0.745,0.37,0.173,0.195,0.579,0.549,0.102
114,1020,0.132,0.954,0.294,0.24,0.057,0.45,0.722,0.084
114,1120,0.085,0.596,0.314,0.185,0.134,0.369,0.583,0.075
115,100,0.243,0.789,0.254,0.167,0.36,0.639,0.621,0.063
115,200,0.08,0.536,0.299,0.119,0.1,0.551,0.483,0.072
115,300,0.09,0.421,0.339,0.141,0.125,0.371,0.48,0.08
115,400,0.154,0.35,0.386,0.211,0.164,0.327,0.59,0.07
115,500,0.185,0.48,0.274,0.133,0.228,0.298,0.579,0.061
115,600,0.047,0.658,0.35,0.153,0.28,0.759,0.532,0.076
115,700,0.099,1.583,0.535,0.155,0.203,0.925,0.545,0.095
115,800,0.212,0.171,0.332,0.187,0.285,0.359,0.644,0.09
115,900,0.15,0.463,0.542,0.155,0.159,0.681,0.559,0.117
115,1000,0.068,0.579,0.318,0.119,0.061,0.49,0.427,0.077
115,1100,0.095,0.856,0.386,0.149,0.168,0.39,0.539,0.076
116,80,0.07,0.526,0.278,0.169,0.271,0.788,0.593,0.061
116,180,0.074,0.527,0.316,0.171,0.192,0.544,0.57,0.066
116,280,0.033,0.4,0.408,0.132,0.087,0.362,0.499,0.104
116,380,0.27,0.322,0.473,0.181,0.136,0.303,0.579,0.112
116,480,0.093,0.636,0.326,0.147,0.093,0.45,0.6,0.077
116,580,0.138,0.696,0.268,0.131,0.219,0.288,0.483,0.046
116,680,0.03,0.6,0.298,0.174,0.389,0.587,0.559,0.065
116,780,0.157,0.55,0.32,0.168,0.177,0.271,0.567,0.073
116,880,0.031,0.791,0.385,0.145,0.082,0.641,0.515,0.081
116,980,0.037,0.982,0.401,0.176,0.195,0.51,0.548,0.097
116,1080,0.181,0.497,0.258,0.114,0.209,0.605,0.413,0.055
117,60,0.162,0.542,0.316,0.165,0.234,0.619,0.622,0.073
117,160,0.052,0.575,0.358,0.14,0.1,0.619,0.518,0.067
117,260,0.054,0.994,0.421,0.15,0.159,0.4,0.552,0.098
117,360,0.095,0.526,0.453,0.134,0.287,0.222,0.471,0.122
117,460,0.035,0.749,0.392,0.13,0.04,0.651,0.562,0.101
117,560,0.066,0.517,0.39,0.152,0.31,0.645,0.542,0.089
117,660,0.142,0.653,0.41,0.166,0.22,0.378,0.633,0.083
117,760,0.113,0.422,0.277,0.174,0.321,1.251,0.696,0.112
117,860,0.045,0.898,0.463,0.168,0.056,0.473,0.553,0.14
117,960,0.111,0.448,0.266,0.135,0.249,0.319,0.558,0.093
117,1060,0.145,0.699,0.326,0.15,0.127,0.476,0.547,0.088
118,40,0.039,0.629,0.334,0.104,0.092,0.174,0.377,0.077
118,140,0.163,0.861,0.311,0.132,0.261,0.193,0.474,0.078
118,240,0.032,0.776,0.319,0.146,0.15,0.542,0.513,0.084
118,340,0.112,0.765,0.303,0.198,0.204,0.294,0.498,0.078
118,440,0.063,0.679,0.307,0.142,0.083,0.483,0.523,0.075
118,540,0.153,0.729,0.307,0.121,0.069,0.535,0.478,0.075
118,640,0.095,0.745,0.439,0.147,0.173,0.573,0.717,0.128
118,740,0.047,0.79,0.337,0.202,0.15,0.315,0.631,0.08
118,840,0.136,0.857,0.376,0.198,0.069,0.53,0.658,0.086
118,940,0.143,0.588,0.434,0.148,0.184,0.485,0.513,0.124
118,1040,0.102,0.431,0.427,0.192,0.193,0.85,0.658,0.078
119,20,0.166,0.738,0.333,0.188,0.047,0.865,0.649,0.088
119,120,0.063,0.631,0.399,0.163,0.098,0.246,0.517,0.094
119,220,0.185,0.348,0.301,0.145,0.134,0.367,0.468,0.077
119,320,0.053,0.632,0.288,0.13,0.222,0.313,0.456,0.071
119,420,0.108,0.466,0.309,0.136,0.113,0.441,0.609,0.076
119,520,0.074,0.602,0.304,0.149,0.089,0.44,0.564,0.073
119,620,0.133,0.759,0.459,0.129,0.043,0.738,0.37,0.102
119,720,0.092,0.452,0.225,0.123,0.223,0.236,0.431,0.057
119,820,0.178,0.608,0.432,0.131,0.212,0.306,0.492,0.087
119,920,0.113,0.371,0.383,0.08,0.169,0.317,0.34,0.129
119,1020,0.157,0.72,0.239,0.163,0.183,0.283,0.515,0.043
119,1120,0.111,0.323,0.454,0.14,0.133,0.378,0.509,0.118
120,100,0.063,0.596,0.26,0.178,0.113,0.343,0.653,0.061
120,200,0.169,0.61,0.43,0.14,0.14,0.236,0.524,0.121
120,300,0.144,0.78,0.252,0.135,0.243,0.24,0.406,0.059
120,400,0.039,0.591,0.485,0.141,0.318,0.429,0.503,0.102
120,500,0.046,0.754,0.342,0.088,0.092,0.585,0.358,0.081
120,600,0.099,0.623,0.317,0.131,0.09,0.244,0.483,0.086
120,700,0.06,0.625,0.353,0.134,0.159,0.633,0.516,0.092
120,800,0.197,0.334,0.596,0.133,0.101,0.422,0.48,0.125
120,900,0.053,0.787,0.401,0.16,0.104,0.396,0.525,0.103
120,1000,0.136,0.316,0.308,0.128,0.124,0.348,0.434,0.075
120,1100,0.105,0.32,0.423,0.165,0.128,0.613,0.509,0.094
121,80,0.214,0.483,0.281,0.099,0.12,0.516,0.4,0.076
121,180,0.083,0.449,0.368,0.106,0.106,0.259,0.38,0.099
121,280,0.143,0.591,0.421,0.113,0.098,0.487,0.439,0.097
121,380,0.025,0.777,0.529,0.129,0.15,0.408,0.484,0.166
121,480,0.09,0.937,0.272,0.127,0.063,0.626,0.462,0.067
121,580,0.033,0.579,0.421,0.1,0.119,0.396,0.441,0.099
121,680,0.078,0.921,0.515,0.186,0.125,0.62,0.698,0.138
121,780,0.055,0.63,0.284,0.208,0.117,0.406,0.636,0.053
121,880,0.021,1.207,0.377,0.194,0.167,0.411,0.62,0.086
121,980,0.079,0.486,0.316,0.201,0.095,0.479,0.636,0.079
121,1080,0.039,1.264,0.31,0.117,0.127,0.619,0.442,0.068
122,60,0.098,0.638,0.327,0.35,0.198,0.459,0.622,0.095
122,160,0.175,0.6,0.366,0.202,0.123,0.263,0.472,0.073
122,260,0.113,0.591,0.36,0.153,0.215,0.326,0.526,0.125
122,360,0.023,0.944,0.376,0.111,0.049,0.334,0.434,0.094
122,460,0.081,0.848,0.495,0.219,0.074,0.619,0.584,0.108
122,560,0.106,0.696,0.489,0.132,0.099,0.178,0.428,0.119
122,660,0.06,0.547,0.311,0.131,0.277,0.306,0.532,0.083
122,760,0.06,0.603,0.359,0.163,0.206,0.581,0.683,0.084
122,860,0.059,0.648,0.304,0.158,0.089,0.666,0.543,0.075
122,960,0.079,0.607,0.283,0.152,0.193,0.445,0.49,0.058
122,1060,0.058,0.717,0.327,0.184,0.06,0.28,0.637,0.08
123,40,0.107,0.416,0.253,0.143,0.154,0.436,0.494,0.063
123,140,0.098,0.461,0.368,0.135,0.189,0.529,0.518,0.076
123,240,0.132,1.187,0.361,0.137,0.148,0.341,0.427,0.075
123,340,0.155,0.495,0.49,0.128,0.119,0.375,0.503,0.141
123,440,0.169,0.466,0.467,0.104,0.102,0.408,0.369,0.105
123,540,0.085,0.737,0.436,0.14,0.098,0.38,0.509,0.114
123,640,0.099,0.566,0.198,0.11,0.259,0.543,0.37,0.048
123,740,0.05,0.721,0.324,0.183,0.146,0.51,0.672,0.06
123,840,0.068,0.655,0.309,0.124,0.072,0.484,0.49,0.074
123,940,0.13,0.915,0.323,0.124,0.049,0.447,0.447,0.074
123,1040,0.168,0.554,0.226,0.124,0.112,0.315,0.465,0.077
124,20,0.029,0.833,0.292,0.134,0.183,0.553,0.491,0.066
124,120,0.105,0.593,0.302,0.128,0.108,0.489,0.405,0.072
124,220,0.101,0.445,0.228,0.172,0.215,0.457,0.594,0.07
124,320,0.037,0.704,0.451,0.13,0.141,0.56,0.466,0.116
124,420,0.051,0.718,0.381,0.104,0.219,0.29,0.394,0.092
124,520,0.035,0.736,0.28,0.148,0.117,0.6,0.512,0.059
124,620,0.089,0.858,0.266,0.134,0.24,0.354,0.487,0.064
124,720,0.055,0.454,0.257,0.098,0.169,0.587,0.399,0.076
124,820,0.25,0.316,0.506,0.104,0.214,0.615,0.349,0.131
124,920,0.08,0.48,0.317,0.142,0.149,0.363,0.609,0.076
124,1020,0.073,0.443,0.355,0.106,0.324,0.541,0.403,0.07
124,1120,0.111,0.351,0.435,0.118,0.066,0.541,0.447,0.098
125,100,0.1,0.491,0.311,0.111,0.189,0.468,0.416,0.072
125,200,0.05,0.336,0.301,0.144,0.242,0.33,0.507,0.061
125,300,0.098,0.472,0.307,0.174,0.089,0.591,0.562,0.07
125,400,0.102,0.733,0.36,0.133,0.169,0.463,0.449,0.082
125,500,0.094,0.329,0.308,0.129,0.125,0.338,0.514,0.077
125,600,0.077,0.813,0.511,0.121,0.201,0.373,0.412,0.083
125,700,0.087,0.643,0.306,0.132,0.08,0.28,0.442,0.073
125,800,0.092,0.653,0.312,0.137,0.12,0.217,0.466,0.072
125,900,0.036,0.751,0.303,0.169,0.249,0.406,0.537,0.08
125,1000,0.057,0.582,0.439,0.138,0.103,0.507,0.515,0.1
125,1100,0.096,0.488,0.271,0.169,0.305,0.396,0.659,0.058
126,80,0.152,0.716,0.445,0.102,0.11,0.384,0.351,0.126
126,180,0.06,0.288,0.269,0.17,0.253,0.514,0.631,0.052
126,280,0.107,0.986,0.323,0.101,0.078,0.574,0.378,0.075
126,380,0.101,0.682,0.249,0.208,0.319,0.883,0.737,0.084
126,480,0.156,0.894,0.333,0.099,0.199,0.541,0.41,0.073
126,580,0.049,0.665,0.269,0.137,0.177,0.398,0.489,0.077
126,680,0.053,0.677,0.475,0.139,0.211,0.788,0.47,0.096
126,780,0.132,0.326,0.32,0.126,0.179,0.559,0.47,0.074
126,880,0.096,0.583,0.45,0.126,0.031,0.49,0.47,0.101
126,980,0.122,0.764,0.482,0.169,0.112,0.45,0.563,0.13
126,1080,0.052,0.831,0.233,0.108,0.206,0.367,0.403,0.051
127,60,0.112,0.594,0.345,0.123,0.092,0.42,0.41,0.131
127,160,0.043,0.703,0.337,0.161,0.149,0.307,0.576,0.075
127,260,0.353,0.787,0.363,0.109,0.174,0.654,0.426,0.079
127,360,0.187,0.515,0.427,0.115,0.169,0.396,0.406,0.127
127,460,0.039,0.546,0.334,0.123,0.153,0.297,0.52,0.075
127,560,0.227,0.741,0.353,0.124,0.131,0.393,0.46,0.087
127,660,0.064,0.679,0.414,0.161,0.245,0.733,0.52,0.092
127,760,0.132,0.819,0.335,0.165,0.096,0.595,0.503,0.075
127,860,0.277,0.842,0.395,0.111,0.072,0.479,0.445,0.123
127,960,0.087,0.404,0.436,0.106,0.062,0.62,0.395,0.117
127,1060,0.13,0.61,0.31,0.107,0.177,0.211,0.417,0.072
128,40,0.12,0.449,0.318,0.184,0.077,0.522,0.587,0.082
128,140,0.067,0.69,0.652,0.109,0.144,0.475,0.422,0.17
128,240,0.041,0.77,0.216,0.159,0.169,0.407,0.532,0.055
128,340,0.149,0.662,0.323,0.152,0.093,0.682,0.522,0.075
128,440,0.018,0.564,0.275,0.126,0.11,0.818,0.474,0.09
128,540,0.119,0.549,0.222,0.154,0.228,0.525,0.537,0.051
128,640,0.038,0.599,0.26,0.097,0.095,0.607,0.359,0.067
128,740,0.083,0.492,0.391,0.174,0.102,0.493,0.611,0.095
128,840,0.096,0.431,0.234,0.088,0.198,0.465,0.353,0.052
128,940,0.061,0.742,0.386,0.116,0.047,0.375,0.448,0.1
128,1040,0.037,0.778,0.221,0.125,0.243,0.624,0.519,0.056
129,20,0.064,0.613,0.333,0.124,0.095,0.632,0.464,0.079
129,120,0.11,0.354,0.263,0.12,0.302,0.853,0.503,0.067
129,220,0.06,0.45,0.274,0.176,0.228,0.296,0.587,0.064
129,320,0.159,0.545,0.352,0.128,0.108,0.488,0.468,0.081
129,420,0.098,0.448,0.366,0.155,0.312,0.528,0.552,0.097
129,520,0.02,0.473,0.289,0.113,0.138,0.487,0.467,0.092
129,620,0.126,0.573,0.244,0.1,0.176,0.595,0.356,0.06
129,720,0.11,0.871,0.248,0.092,0.118,0.546,0.352,0.056
129,820,0.114,0.356,0.376,0.079,0.107,0.448,0.347,0.107
129,920,0.016,0.952,0.336,0.117,0.119,0.629,0.46,0.076
129,1020,0.057,0.439,0.285,0.17,0.172,0.513,0.657,0.069
129,1120,0.081,0.593,0.378,0.096,0.127,0.3,0.343,0.082
130,100,0.033,0.756,0.336,0.092,0.211,0.574,0.384,0.079
130,200,0.046,0.629,0.316,0.168,0.128,0.571,0.645,0.075
130,300,0.059,0.515,0.404,0.166,0.079,0.59,0.613,0.094
130,400,0.026,0.375,0.346,0.132,0.181,0.589,0.496,0.075
130,500,0.043,0.822,0.296,0.117,0.147,0.417,0.475,0.085
130,600,0.052,0.56,0.366,0.124,0.242,0.498,0.464,0.084
130,700,0.129,0.467,0.41,0.139,0.166,0.697,0.574,0.086
130,800,0.12,0.407,0.325,0.101,0.054,0.429,0.356,0.077
130,900,0.038,0.844,0.435,0.125,0.205,0.249,0.497,0.131
130,1000,0.123,0.77,0.294,0.152,0.296,0.601,0.574,0.062
130,1100,0.128,0.452,0.568,0.11,0.193,0.37,0.454,0.124
131,80,0.069,0.769,0.306,0.115,0.134,0.556,0.456,0.08
131,180,0.104,0.462,0.25,0.103,0.331,0.405,0.39,0.086
131,280,0.054,0.699,0.425,0.145,0.178,0.541,0.562,0.132
131,380,0.14,0.567,0.323,0.082,0.083,0.494,0.313,0.072
131,480,0.035,0.43,0.265,0.119,0.206,0.627,0.44,0.065
131,580,0.149,0.891,0.358,0.093,0.263,0.438,0.339,0.079
131,680,0.164,0.779,0.245,0.088,0.191,0.634,0.313,0.055
131,780,0.13,0.582,0.415,0.121,0.098,0.482,0.411,0.112
131,880,0.075,0.869,0.249,0.11,0.068,0.425,0.439,0.063
131,980,0.087,0.574,0.251,0.12,0.21,0.331,0.463,0.057
131,1080,0.169,0.588,0.403,0.138,0.203,0.319,0.4,0.107
132,60,0.061,0.717,0.463,0.09,0.165,0.466,0.32,0.123
132,160,0.069,0.527,0.219,0.123,0.135,0.631,0.479,0.043
132,260,0.212,0.7,0.364,0.118,0.282,0.367,0.374,0.083
132,360,0.051,0.503,0.362,0.098,0.072,0.537,0.403,0.089
132,460,0.106,0.49,0.373,0.111,0.104,0.476,0.382,0.089
132,560,0.232,1.018,0.343,0.107,0.145,0.213,0.427,0.08
132,660,0.02,0.616,0.411,0.114,0.193,0.398,0.455,0.088
132,760,0.091,0.56,0.355,0.111,0.234,0.551,0.378,0.084
132,860,0.169,0.465,0.335,0.082,0.247,0.32,0.329,0.071
132,960,0.058,0.903,0.349,0.163,0.174,0.513,0.48,0.079
132,1060,0.082,0.414,0.338,0.127,0.214,0.371,0.499,0.076
133,40,0.023,0.576,0.227,0.155,0.141,0.393,0.562,0.059
133,140,0.214,0.411,0.319,0.11,0.149,0.36,0.441,0.073
133,240,0.127,0.497,0.38,0.091,0.234,0.242,0.386,0.096
133,340,0.113,0.806,0.348,0.112,0.068,0.535,0.392,0.075
133,440,0.028,0.783,0.183,0.124,0.261,0.454,0.487,0.044
133,540,0.133,0.724,0.325,0.111,0.097,0.564,0.45,0.081
133,640,0.029,0.435,0.267,0.124,0.304,0.357,0.473,0.058
133,740,0.064,0.604,0.364,0.13,0.19,0.651,0.492,0.157
133,840,0.031,0.733,0.345,0.111,0.077,0.527,0.467,0.08
133,940,0.196,0.854,0.329,0.11,0.189,0.564,0.436,0.088
133,1040,0.05,0.641,0.335,0.157,0.156,0.456,0.57,0.076
134,20,0.041,0.666,0.308,0.125,0.204,0.453,0.5,0.066
134,120,0.069,0.918,0.277,0.089,0.16,0.295,0.327,0.073
134,220,0.15,0.765,0.318,0.169,0.082,0.456,0.514,0.073
134,320,0.083,0.344,0.26,0.11,0.234,0.502,0.449,0.063
134,420,0.11,0.656,0.34,0.106,0.144,0.365,0.387,0.079
134,520,0.196,0.491,0.452,0.111,0.245,0.683,0.416,0.201
134,620,0.063,0.665,0.378,0.142,0.233,0.278,0.465,0.104
134,720,0.088,0.899,0.304,0.205,0.143,0.32,0.65,0.077
134,820,0.089,1.26,0.324,0.124,0.08,0.339,0.428,0.071
134,920,0.124,0.659,0.317,0.092,0.079,0.466,0.358,0.069
134,1020,0.054,0.591,0.245,0.106,0.119,0.56,0.377,0.07
134,1120,0.036,0.47,0.354,0.111,0.16,0.359,0.39,0.063
135,100,0.108,0.421,0.324,0.153,0.185,0.465,0.566,0.091
135,200,0.084,0.542,0.306,0.161,0.114,0.423,0.467,0.072
135,300,0.28,0.401,0.265,0.283,0.231,0.422,0.645,0.073
135,400,0.027,0.518,0.276,0.117,0.208,0.553,0.477,0.048
135,500,0.029,0.888,0.429,0.116,0.227,0.387,0.462,0.102
135,600,0.121,0.515,0.401,0.105,0.245,0.481,0.377,0.089
135,700,0.063,0.84,0.244,0.092,0.129,0.628,0.338,0.048
135,800,0.024,0.521,0.285,0.09,0.081,0.357,0.386,0.068
135,900,0.104,0.483,0.286,0.135,0.354,0.744,0.512,0.065
135,1000,0.139,0.499,0.302,0.124,0.163,0.453,0.353,0.065
135,1100,0.125,0.521,0.331,0.107,0.104,0.448,0.381,0.087
136,80,0.134,0.751,0.323,0.109,0.165,0.598,0.431,0.097
136,180,0.151,0.591,0.366,0.12,0.277,0.429,0.437,0.087
136,280,0.038,0.757,0.295,0.111,0.072,0.463,0.439,0.068
136,380,0.045,0.691,0.218,0.108,0.157,0.484,0.426,0.052
136,480,0.164,0.637,0.259,0.148,0.06,0.703,0.467,0.063
136,580,0.129,0.462,0.407,0.11,0.068,0.627,0.41,0.1
136,680,0.167,0.263,0.251,0.108,0.18,0.398,0.44,0.073
136,780,0.058,0.655,0.244,0.108,0.223,0.636,0.407,0.057
136,880,0.258,0.57,0.323,0.096,0.157,0.551,0.373,0.082
136,980,0.117,0.706,0.437,0.112,0.212,0.453,0.412,0.101
136,1080,0.188,0.466,0.321,0.1,0.137,0.162,0.384,0.071
137,60,0.075,0.472,0.31,0.174,0.165,0.28,0.642,0.077
137,160,0.039,0.811,0.259,0.141,0.114,0.579,0.532,0.072
137,260,0.107,0.535,0.373,0.143,0.126,0.357,0.493,0.092
137,360,0.029,1.081,0.269,0.173,0.254,0.197,0.607,0.056
137,460,0.101,0.936,0.267,0.104,0.168,0.528,0.4,0.053
137,560,0.027,0.543,0.317,0.134,0.062,0.63,0.515,0.071
137,660,0.08,0.522,0.322,0.144,0.067,0.547,0.536,0.073
137,760,0.028,0.855,0.363,0.129,0.172,0.387,0.429,0.087
137,860,0.053,0.612,0.318,0.106,0.06,0.633,0.418,0.072
137,960,0.04,0.528,0.334,0.113,0.131,0.382,0.42,0.088
137,1060,0.018,0.844,0.3,0.149,0.072,0.699,0.516,0.073
138,40,0.035,1.394,0.465,0.168,0.084,0.673,0.581,0.089
138,140,0.058,0.609,0.212,0.115,0.182,0.461,0.472,0.055
138,240,0.023,0.751,0.251,0.185,0.155,0.517,0.629,0.056
138,340,0.102,0.705,0.327,0.122,0.125,0.348,0.415,0.073
138,440,0.041,0.629,0.419,0.118,0.092,0.448,0.457,0.098
138,540,0.037,0.767,0.307,0.145,0.092,0.426,0.562,0.069
138,640,0.084,0.686,0.344,0.087,0.215,0.579,0.325,0.097
138,740,0.046,0.444,0.413,0.247,0.139,0.712,0.39,0.098
138,840,0.082,0.557,0.442,0.083,0.109,0.457,0.358,0.121
138,940,0.049,0.613,0.31,0.098,0.117,0.422,0.287,0.07
138,1040,0.054,0.91,0.32,0.164,0.117,0.498,0.632,0.073
139,20,0.032,0.783,0.292,0.124,0.135,0.431,0.414,0.065
139,120,0.257,0.692,0.21,0.114,0.251,0.379,0.402,0.051
139,220,0.105,0.798,0.454,0.081,0.169,0.362,0.33,0.136
139,320,0.042,0.773,0.33,0.143,0.216,0.53,0.441,0.077
139,420,0.075,0.537,0.372,0.252,0.147,0.332,0.586,0.088
139,520,0.044,0.83,0.27,0.119,0.177,0.542,0.488,0.068
139,620,0.07,0.451,0.193,0.123,0.128,0.391,0.476,0.059
139,720,0.038,0.433,0.292,0.122,0.074,0.642,0.492,0.069
139,820,0.202,0.657,0.304,0.126,0.195,0.387,0.504,0.073
139,920,0.025,0.948,0.312,0.181,0.064,0.68,0.588,0.071
139,1020,0.041,0.621,0.291,0.091,0.135,0.339,0.4,0.068
139,1120,0.25,0.561,0.316,0.084,0.147,0.449,0.316,0.072
140,100,0.075,0.525,0.269,0.105,0.164,0.474,0.387,0.066
140,200,0.031,0.755,0.217,0.09,0.222,0.453,0.381,0.058
140,300,0.066,0.55,0.315,0.12,0.181,0.617,0.469,0.081
140,400,0.116,0.636,0.357,0.129,0.323,0.237,0.367,0.075
140,500,0.044,0.763,0.361,0.126,0.278,0.489,0.521,0.078
140,600,0.099,0.884,0.228,0.077,0.135,0.433,0.303,0.049
140,700,0.018,1.025,0.231,0.111,0.202,0.317,0.474,0.054
140,800,0.084,0.459,0.321,0.127,0.161,0.41,0.489,0.07
140,900,0.094,0.408,0.336,0.126,0.101,0.679,0.517,0.078
140,1000,0.02,0.879,0.408,0.121,0.036,0.623,0.516,0.088
140,1100,0.048,0.629,0.223,0.115,0.274,0.378,0.486,0.056
141,80,0.105,0.601,0.411,0.149,0.06,0.653,0.557,0.112
141,180,0.06,0.562,0.355,0.072,0.162,0.42,0.306,0.084
141,280,0.026,0.897,0.325,0.114,0.113,0.427,0.475,0.071
141,380,0.041,0.671,0.235,0.114,0.253,0.571,0.458,0.059
141,480,0.075,0.453,0.238,0.113,0.207,0.438,0.459,0.057
141,580,0.121,0.348,0.306,0.134,0.098,0.498,0.521,0.08
141,680,0.017,0.637,0.278,0.114,0.167,0.597,0.486,0.067
141,780,0.126,0.728,0.248,0.145,0.142,0.392,0.407,0.05
141,880,0.086,0.414,0.427,0.118,0.037,0.79,0.471,0.094
141,980,0.373,0.448,0.431,0.117,0.045,0.397,0.399,0.102
141,1080,0.05,0.615,0.401,0.12,0.099,0.497,0.477,0.084
142,60,0.091,0.783,0.391,0.103,0.138,0.374,0.389,0.112
142,160,0.239,0.597,0.362,0.109,0.19,0.56,0.318,0.077
142,260,0.024,0.695,0.256,0.116,0.251,0.421,0.479,0.053
142,360,0.151,0.471,0.357,0.12,0.18,0.649,0.448,0.098
142,460,0.037,0.681,0.305,0.115,0.141,0.767,0.477,0.067
142,560,0.037,0.661,0.457,0.111,0.218,0.345,0.488,0.116
142,660,0.038,0.648,0.251,0.112,0.206,0.564,0.459,0.076
142,760,0.028,0.593,0.308,0.111,0.047,0.631,0.435,0.067
142,860,0.113,0.394,0.272,0.117,0.181,0.393,0.47,0.066
142,960,0.127,0.748,0.278,0.108,0.179,0.419,0.371,0.062
142,1060,0.145,0.729,0.337,0.176,0.217,0.421,0.521,0.08
143,40,0.053,0.578,0.295,0.115,0.184,0.551,0.48,0.062
143,140,0.038,0.692,0.331,0.11,0.06,0.412,0.43,0.07
143,240,0.238,0.511,0.253,0.1,0.204,0.51,0.391,0.053
143,340,0.162,0.94,0.218,0.098,0.209,0.461,0.348,0.056
143,440,0.075,0.671,0.3,0.119,0.219,0.528,0.486,0.071
143,540,0.074,0.814,0.311,0.105,0.099,0.428,0.426,0.067
143,640,0.069,0.946,0.3,0.098,0.086,0.345,0.396,0.065
143,740,0.138,0.709,0.366,0.094,0.08,0.356,0.348,0.09
143,840,0.118,0.794,0.292,0.117,0.153,0.354,0.515,0.077
143,940,0.022,0.987,0.305,0.112,0.089,0.483,0.445,0.075
143,1040,0.091,0.509,0.266,0.126,0.22,0.428,0.455,0.053
144,20,0.03,0.634,0.442,0.117,0.058,0.613,0.417,0.097
144,120,0.17,0.603,0.426,0.132,0.075,0.52,0.479,0.101
144,220,0.063,0.815,0.284,0.118,0.204,0.466,0.474,0.076
144,320,0.11,0.436,0.266,0.113,0.185,0.341,0.454,0.058
144,420,0.045,0.737,0.451,0.144,0.078,0.443,0.511,0.102
144,520,0.069,0.495,0.519,0.113,0.106,0.365,0.456,0.122
144,620,0.041,0.685,0.256,0.141,0.194,0.564,0.535,0.057
144,720,0.111,0.61,0.336,0.12,0.106,0.483,0.493,0.089
144,820,0.05,0.632,0.433,0.12,0.117,0.438,0.471,0.123
144,920,0.043,0.644,0.272,0.105,0.141,0.476,0.437,0.062
144,1020,0.19,0.715,0.342,0.107,0.188,0.405,0.415,0.085
144,1120,0.035,0.661,0.26,0.098,0.201,0.363,0.334,0.071
145,100,0.032,1.004,0.39,0.133,0.189,0.375,0.519,0.072
145,200,0.159,0.63,0.336,0.102,0.116,0.261,0.373,0.083
145,300,0.053,0.817,0.266,0.102,0.221,0.561,0.338,0.058
145,400,0.141,0.408,0.288,0.117,0.151,0.428,0.442,0.076
145,500,0.154,0.549,0.346,0.159,0.169,0.681,0.512,0.072
145,600,0.162,0.596,0.323,0.133,0.11,0.489,0.473,0.069
145,700,0.112,0.458,0.307,0.111,0.056,0.557,0.388,0.069
145,800,0.031,0.88,0.33,0.113,0.09,0.454,0.471,0.071
145,900,0.085,0.494,0.43,0.105,0.107,0.406,0.457,0.099
145,1000,0.153,0.768,0.308,0.082,0.101,0.542,0.327,0.072
145,1100,0.07,0.733,0.254,0.108,0.177,0.412,0.358,0.055
146,80,0.043,0.597,0.294,0.158,0.285,0.372,0.568,0.064
146,180,0.22,0.68,0.321,0.098,0.084,0.554,0.368,0.073
146,280,0.049,0.612,0.275,0.099,0.204,0.336,0.373,0.054
146,380,0.028,0.549,0.299,0.115,0.033,0.546,0.499,0.068
146,480,0.099,0.483,0.374,0.113,0.12,0.364,0.46,0.086
146,580,0.097,0.642,0.291,0.14,0.194,0.549,0.5,0.068
146,680,0.061,0.779,0.331,0.143,0.188,0.481,0.426,0.067
146,780,0.087,0.532,0.241,0.17,0.219,0.427,0.607,0.055
146,880,0.047,0.602,0.371,0.123,0.124,0.586,0.487,0.099
146,980,0.046,0.631,0.306,0.122,0.059,0.541,0.475,0.068
146,1080,0.08,0.476,0.433,0.121,0.065,0.575,0.465,0.094
147,60,0.069,0.457,0.355,0.103,0.183,0.425,0.42,0.081
147,160,0.197,0.319,0.309,0.085,0.109,0.442,0.321,0.072
147,260,0.079,0.527,0.429,0.127,0.103,0.403,0.471,0.094
147,360,0.039,0.751,0.226,0.177,0.123,0.518,0.695,0.046
147,460,0.226,1.04,0.257,0.098,0.212,0.825,0.39,0.06
147,560,0.117,0.606,0.318,0.108,0.096,0.548,0.448,0.07
147,660,0.046,0.696,0.304,0.113,0.048,0.489,0.497,0.065
147,760,0.024,0.655,0.253,0.115,0.092,0.456,0.481,0.06
147,860,0.093,0.617,0.314,0.092,0.081,0.526,0.364,0.071
147,960,0.125,0.925,0.319,0.102,0.092,0.473,0.396,0.07
147,1060,0.039,0.548,0.304,0.116,0.07,0.642,0.485,0.07
148,40,0.075,0.529,0.303,0.099,0.128,0.524,0.366,0.07
148,140,0.035,0.753,0.341,0.128,0.088,0.535,0.499,0.078
148,240,0.148,0.625,0.241,0.111,0.125,0.373,0.43,0.062
148,340,0.035,0.51,0.365,0.164,0.06,0.366,0.575,0.093
148,440,0.035,0.729,0.277,0.116,0.197,0.506,0.473,0.072
148,540,0.214,0.693,0.175,0.124,0.306,0.541,0.411,0.045
148,640,0.158,0.632,0.349,0.1,0.091,0.283,0.378,0.073
148,740,0.033,0.551,0.274,0.108,0.153,0.419,0.438,0.073
148,840,0.045,0.684,0.259,0.158,0.14,0.696,0.596,0.057
148,940,0.067,0.602,0.288,0.119,0.148,0.397,0.463,0.064
148,1040,0.033,1.046,0.331,0.104,0.087,0.567,0.454,0.077
149,20,0.041,0.476,0.315,0.153,0.101,0.455,0.593,0.074
149,120,0.207,0.802,0.397,0.092,0.109,0.496,0.361,0.111
149,220,0.108,0.689,0.265,0.084,0.15,0.618,0.336,0.058
149,320,0.125,0.541,0.279,0.088,0.115,0.473,0.352,0.065
149,420,0.093,0.641,0.352,0.111,0.094,0.403,0.46,0.075
149,520,0.198,0.499,0.361,0.082,0.133,0.29,0.334,0.084
149,620,0.051,0.619,0.329,0.149,0.225,0.386,0.545,0.06
149,720,0.042,0.633,0.296,0.11,0.199,0.413,0.478,0.068
149,820,0.073,0.54,0.235,0.113,0.146,0.586,0.474,0.065
149,920,0.056,0.625,0.192,0.106,0.124,0.446,0.443,0.045
149,1020,0.127,0.539,0.271,0.092,0.121,0.435,0.341,0.056
149,1120,0.157,0.548,0.608,0.122,0.11,0.45,0.439,0.148
150,100,0.188,0.607,0.27,0.104,0.229,0.484,0.371,0.063
150,200,0.083,0.698,0.329,0.106,0.114,0.463,0.371,0.073
150,300,0.036,0.611,0.264,0.111,0.247,0.475,0.483,0.063
150,400,0.102,0.913,0.303,0.113,0.209,0.531,0.438,0.053
150,500,0.136,0.656,0.313,0.166,0.09,0.5,0.475,0.068
150,600,0.249,0.582,0.325,0.111,0.095,0.329,0.397,0.078
150,700,0.069,0.537,0.23,0.114,0.136,0.452,0.447,0.055
150,800,0.145,0.624,0.303,0.189,0.065,0.325,0.444,0.071
150,900,0.039,0.826,0.515,0.114,0.096,0.665,0.464,0.134
150,1000,0.098,0.644,0.375,0.151,0.098,0.406,0.542,0.086
150,1100,0.108,0.801,0.334,0.102,0.193,0.421,0.368,0.073
